nr_zona,esq_2012,esq_2024,variacao_pct,nome_ze,indice_cultural,escore_ver_2024,escore_pref_2024,pct_superior,renda_2010,quadrante
5,14619.0,24069.0,64.64190437102401,JARDIM PAULISTA,10.526315789473683,6.143114739648752,5.648896660763977,55.89169280910312,5364.548947368421,Q1: alto sup + alto índice
251,19123.0,32876.0,71.91863201380536,PINHEIROS,37.03703703703704,5.534277032512121,5.159698110030182,51.54893467420855,3819.414814814815,Q1: alto sup + alto índice
259,21984.0,27705.0,26.023471615720524,SAUDE,2.941176470588235,6.123032418295421,5.606843668453765,45.46770148452861,2926.7000000000003,Q1: alto sup + alto índice
2,25077.0,39403.0,57.128045619491964,PERDIZES,16.666666666666664,5.706628709144447,5.275030263334034,43.794811574384966,3136.760333333333,Q1: alto sup + alto índice
246,15701.0,22949.0,46.16266479842048,SANTO AMARO,9.090909090909092,6.417884493951892,5.885056769253809,42.43691814885346,2634.869090909091,Q1: alto sup + alto índice
6,29968.0,33630.0,12.219701014415376,VILA MARIANA,11.11111111111111,5.996591265393961,5.481054018623994,42.38204723240963,3263.541481481481,Q1: alto sup + alto índice
1,26678.0,36639.0,37.337881400404825,BELA VISTA,48.0,5.520269672653457,5.027663701936113,40.00285386786548,1804.5788,Q1: alto sup + alto índice
346,18191.0,34566.0,90.01704139409598,BUTANTA,13.513513513513514,6.162807908610128,5.561635423064957,36.16026247938527,2966.32,Q1: alto sup + alto índice
249,15791.0,15901.0,0.696599328731556,SANTANA,6.896551724137931,6.4135268585131895,5.867917424791715,34.10438986611705,1838.654827586207,Q1: alto sup + alto índice
250,31869.0,24967.0,-21.657410022278704,LAPA,3.7037037037037033,6.100535523282071,5.66089501837347,32.47718411823466,1707.3512962962964,Q1: alto sup + alto índice
260,36051.0,24018.0,-33.377714903886165,IPIRANGA SAO,2.631578947368421,6.398734884379822,5.767856200362442,21.08017479276911,1512.1339473684209,Q1: alto sup + alto índice
374,43324.0,36204.0,-16.434308928076817,RIO PEQUENO,8.16326530612245,6.15447136244032,5.513093837101269,19.66197271987976,1409.5055102040817,Q1: alto sup + alto índice
320,32562.0,26091.0,-19.872857932559427,JABAQUARA,2.564102564102564,6.351431536179995,5.692204319718623,18.762160342856827,1471.929761904762,Q1: alto sup + alto índice
252,15949.0,16278.0,2.062825255501912,PENHA DE FRANCA,3.4482758620689653,6.343767715944471,5.814760157860475,18.349103427140687,1184.6162068965518,Q1: alto sup + alto índice
254,25300.0,15947.0,-36.96837944664031,VILA MARIA,4.761904761904762,6.635611839106267,6.034484413774012,14.594476193970184,1033.86775,Q1: alto sup + alto índice
3,12382.0,25150.0,103.11742852527863,SANTA IFIGENIA,17.647058823529413,6.06186150254315,5.516443160095245,14.382411496919527,991.594705882353,Q1: alto sup + alto índice
258,24413.0,29641.0,21.414819972965223,INDIANOPOLIS,0.0,6.3923615157901805,5.878342778123157,49.32686225821737,3503.7423333333336,Q2: alto sup + BAIXO índice (DISCORDANTE)
4,26116.0,18401.0,-29.54127737785266,MOOCA,0.0,6.492458370753973,5.93793468119903,24.964940743476557,1499.587857142857,Q2: alto sup + BAIXO índice (DISCORDANTE)
253,39896.0,21678.0,-45.66372568678565,TATUAPE,0.0,6.496417817302441,5.954945022000425,22.63673696204497,1484.2804081632655,Q2: alto sup + BAIXO índice (DISCORDANTE)
408,20768.0,29137.0,40.29757318952234,JARDIM SAO LUIS,0.0,6.258594604280042,5.5190255301462665,20.47967126053546,1318.7336111111113,Q2: alto sup + BAIXO índice (DISCORDANTE)
325,30269.0,31360.0,3.604347682447388,PIRITUBA,0.0,6.034717638661461,5.752628440412601,19.3673399348955,1227.5273076923077,Q2: alto sup + BAIXO índice (DISCORDANTE)
257,33896.0,22802.0,-32.72952560774133,VILA PRUDENTE,0.0,6.449686601071193,5.866226010511719,18.86307145894025,1286.206341463415,Q2: alto sup + BAIXO índice (DISCORDANTE)
413,20120.0,20869.0,3.7226640159045727,CURSINO,0.0,6.387793738215739,5.714418479325886,17.730669498693356,1370.673,Q2: alto sup + BAIXO índice (DISCORDANTE)
327,19407.0,28073.0,44.65399082805173,NOSSA SENHORA DO O,0.0,6.238305952283918,5.721377015525427,17.233655611644448,1104.014,Q2: alto sup + BAIXO índice (DISCORDANTE)
255,31361.0,26387.0,-15.860463633174962,CASA VERDE,0.0,6.407570999567311,5.840970554440705,17.19603246090362,1143.5984615384614,Q2: alto sup + BAIXO índice (DISCORDANTE)
348,19669.0,21171.0,7.636382124154761,VILA FORMOSA,0.0,6.525847789771267,5.986088450504757,16.779827337884562,1247.0776923076924,Q2: alto sup + BAIXO índice (DISCORDANTE)
422,21481.0,19967.0,-7.048089008891578,LAUZANE PAULISTA,0.0,6.448008120445493,5.878004422360752,16.52036390012957,982.536875,Q2: alto sup + BAIXO índice (DISCORDANTE)
256,26675.0,21693.0,-18.676663542642924,TUCURUVI,0.0,6.620323605539812,5.901771699165317,15.469989732834264,1187.310243902439,Q2: alto sup + BAIXO índice (DISCORDANTE)
280,29072.0,30697.0,5.58957072096863,CAPELA DO SOCORRO,2.4390243902439024,6.187944186131654,5.702598563681665,14.05341082001643,1003.4973170731708,Q3: BAIXO sup + alto índice (raro)
392,20908.0,18983.0,-9.207002104457624,PONTE RASA,2.941176470588235,6.345694749029202,5.783731589308161,10.352164967387337,852.2376470588235,Q3: BAIXO sup + alto índice (raro)
390,21080.0,16311.0,-22.62333965844402,CANGAIBA,3.4482758620689653,6.443172268627686,5.843687498442911,8.97535746796775,704.6341379310345,Q3: BAIXO sup + alto índice (raro)
248,29965.0,27748.0,-7.398631737026531,ITAQUERA,3.125,6.241893872466888,5.690801858181293,8.47248472998539,790.4815625,Q3: BAIXO sup + alto índice (raro)
247,25720.0,24091.0,-6.333592534992224,SAO MIGUEL PAULISTA,3.8461538461538463,6.380812274308321,5.758602625219788,7.630694793715074,819.2542307692308,Q3: BAIXO sup + alto índice (raro)
372,43598.0,40210.0,-7.770998669663746,PIRAPORINHA SAO,1.818181818181818,6.356666745598962,5.376444143398309,4.38608144406153,645.18125,Q3: BAIXO sup + alto índice (raro)
349,19993.0,15684.0,-21.552543390186564,JACANA,0.0,6.5731518235898445,5.843242030221211,14.36133932738697,1028.1909677419355,Q4: baixo sup + baixo índice
347,28500.0,24963.0,-12.410526315789474,VILA MATILDE,0.0,6.441674991977429,5.847163404138357,13.152760716558085,910.9447727272728,Q4: baixo sup + baixo índice
420,20994.0,11641.0,-44.550824044965225,VILA SABRINA,0.0,6.680542696216159,5.996563962309859,11.394734895255985,856.9768965517242,Q4: baixo sup + baixo índice
417,23960.0,22965.0,-4.152754590984975,PARQUE DO CARMO,0.0,6.173581337041485,5.705728081078497,9.864563747050202,814.0057692307693,Q4: baixo sup + baixo índice
351,26510.0,18953.0,-28.50622406639004,CIDADE ADEMAR,0.0,6.343370597293937,5.718230969308133,9.735559099814084,1093.6065384615383,Q4: baixo sup + baixo índice
418,38548.0,28007.0,-27.345128151914494,PEDREIRA SAO,0.0,6.380455978712698,5.7986200564753805,9.40981118931479,781.5485714285714,Q4: baixo sup + baixo índice
328,28040.0,29370.0,4.743223965763196,CAMPO LIMPO,0.0,6.276012363169621,5.44732810615199,9.174849803169447,731.8431034482759,Q4: baixo sup + baixo índice
350,33400.0,25583.0,-23.404191616766468,SAPOPEMBA,0.0,6.3649173912160535,5.783447232300755,8.909312481097178,745.0009677419355,Q4: baixo sup + baixo índice
326,21134.0,24099.0,14.029525882464275,ERMELINO MATARAZZO,0.0,6.291523904486463,5.756944969677969,8.82981018183752,745.5187096774195,Q4: baixo sup + baixo índice
403,25944.0,25491.0,-1.7460684551341352,JARAGUA,0.0,6.211066529675966,5.652446673578885,7.480240994100295,685.1956,Q4: baixo sup + baixo índice
373,23838.0,26335.0,10.474872053024582,CAPAO REDONDO,0.0,6.347104967783526,5.471791558216997,6.514536759680993,693.4303571428571,Q4: baixo sup + baixo índice
405,23010.0,19445.0,-15.493263798348544,CONJUNTO JOSE BONIFACIO,0.0,6.154738912679478,5.57444992679768,6.000999550519577,692.2968181818183,Q4: baixo sup + baixo índice
375,57817.0,36424.0,-37.00122801252227,SAO MATEUS,0.0,5.905232807171842,5.491364186091028,5.676884585342537,640.6005882352941,Q4: baixo sup + baixo índice
376,46761.0,28896.0,-38.204914351703344,BRASILANDIA,0.0,6.238772821406363,5.710952337502903,5.632738727258332,679.5564150943396,Q4: baixo sup + baixo índice
381,47358.0,37523.0,-20.767346594028464,PARELHEIROS,0.0,6.275045045387889,5.619340638532005,4.93365179263635,552.4363636363636,Q4: baixo sup + baixo índice
389,43579.0,24401.0,-44.0074347736295,PERUS,0.0,6.2044905703130455,5.663876407249048,4.845994514802424,659.566,Q4: baixo sup + baixo índice
421,37025.0,28245.0,-23.713706954760298,TEOTONIO VILELA,0.0,6.246164754503968,5.645734207018333,4.609848066981215,662.5577777777778,Q4: baixo sup + baixo índice
371,38480.0,41346.0,7.448024948024948,GRAJAU,0.0,6.044266945567359,5.557885337381026,4.362642175155305,649.8374418604652,Q4: baixo sup + baixo índice
352,54609.0,32282.0,-40.88520207291838,ITAIM PAULISTA,0.0,6.217344495705957,5.699804405407971,4.227088928521529,562.5159090909091,Q4: baixo sup + baixo índice
20,27381.0,31374.0,14.583105072860745,VALO VELHO,0.0,6.147970629255886,5.347509410917575,3.918099938883051,577.7063888888889,Q4: baixo sup + baixo índice
397,38526.0,34441.0,-10.60322898821575,JARDIM HELENA,0.0,6.185535552236683,5.686049868659014,3.4659544984451776,549.6619354838709,Q4: baixo sup + baixo índice
404,47544.0,40587.0,-14.63276123170116,CIDADE TIRADENTES,0.0,5.907342538259868,5.426210120451714,3.056606702792656,511.76024390243896,Q4: baixo sup + baixo índice
353,45376.0,33608.0,-25.93441466854725,GUAIANASES,0.0,6.124717485457477,5.591809550404915,3.0018571711544304,556.1379545454546,Q4: baixo sup + baixo índice
