sq_candidato,nome,partido,situacao,votos,receita_total,receita_2024,custo_por_voto,bloco,cargo,ano,escopo
250000002231,DALTON SILVANO,PV,ELEITO 1T,39304,778807.6,1612131.7319999998,41.016988906981474,CENTRO,Vereador,2012,SP_CAPITAL
250000002245,GILBERTO NATALINI,PV,ELEITO 1T,26806,468426.6,969643.0619999999,36.17261292248004,CENTRO,Vereador,2012,SP_CAPITAL
250000002260,TRIPOLI,PV,ELEITO 1T,132313,1054627.35,2183078.6145,16.4993508914468,CENTRO,Vereador,2012,SP_CAPITAL
250000002290,RICARDO TEIXEIRA,PV,ELEITO 1T,30698,487683.6,1009505.0519999999,32.88504306469476,CENTRO,Vereador,2012,SP_CAPITAL
250000002366,LAÉRCIO BENKO,PHS,ELEITO 1T,17918,562541.05,1164459.9735,64.98827846299811,DESCONHECIDO,Vereador,2012,SP_CAPITAL
250000007992,GEORGE HATO,PMDB,ELEITO 1T,24611,330482.28,684098.3196,27.796445475600343,DESCONHECIDO,Vereador,2012,SP_CAPITAL
250000008029,NELO RODOLFO,PMDB,ELEITO 1T,18219,362286.86,749933.8001999999,41.162182348098135,DESCONHECIDO,Vereador,2012,SP_CAPITAL
250000008046,RICARDO NUNES,PMDB,ELEITO 1T,30747,904681.86,1872691.4501999998,60.906477061176695,DESCONHECIDO,Vereador,2012,SP_CAPITAL
250000008053,DR. CALVO,PMDB,ELEITO 1T,24282,304569.56,630458.9892,25.96404699777613,DESCONHECIDO,Vereador,2012,SP_CAPITAL
250000010928,ARI FRIEDENBACH,PPS,ELEITO 1T,22597,67600.0,139932.0,6.192503429658804,DESCONHECIDO,Vereador,2012,SP_CAPITAL
250000011002,RICARDO YOUNG,PPS,ELEITO 1T,42098,299536.33,620040.2031,14.72849548909687,DESCONHECIDO,Vereador,2012,SP_CAPITAL
250000012971,NETINHO DE PAULA,PC do B,ELEITO 1T,50698,1280454.0,2650539.78,52.280953489289516,ESQUERDA,Vereador,2012,SP_CAPITAL
250000018949,TONINHO VESPOLI,PSOL,ELEITO 1T,8722,6568.67,13597.1469,1.5589482802109607,ESQUERDA,Vereador,2012,SP_CAPITAL
250000039049,ADILSON AMADEU,PTB,ELEITO 1T,40100,806791.24,1670057.8668,41.64732834912718,DIREITA,Vereador,2012,SP_CAPITAL
250000039058,ATILIO FRANCISCO,PRB,ELEITO 1T,32513,163153.01,337726.7307,10.387436739150495,DESCONHECIDO,Vereador,2012,SP_CAPITAL
250000039064,CELSO JATENE,PTB,ELEITO 1T,52099,686493.67,1421041.8969,27.27579985988215,DIREITA,Vereador,2012,SP_CAPITAL
250000039088,JEAN MADEIRA,PRB,ELEITO 1T,35036,156058.35,323040.7845,9.220253011188491,DESCONHECIDO,Vereador,2012,SP_CAPITAL
250000039132,PAULO FRANGE,PTB,ELEITO 1T,30891,583126.24,1207071.3168,39.0751777799359,DIREITA,Vereador,2012,SP_CAPITAL
250000039139,CONTE LOPES,PTB,ELEITO 1T,31947,191651.21,396718.00469999993,12.41800496760259,DIREITA,Vereador,2012,SP_CAPITAL
250000049333,ANDREA MATARAZZO,PSDB,ELEITO 1T,117617,2466784.47,5106243.8529,43.414165068825085,DIREITA,Vereador,2012,SP_CAPITAL
250000049337,ANTONIO CARLOS RODRIGUES,PR,ELEITO 1T,67161,1454741.0,3011313.8699999996,44.83723991602269,DESCONHECIDO,Vereador,2012,SP_CAPITAL
250000049338,TONINHO PAIVA,PR,ELEITO 1T,48613,395198.0,818059.86,16.82800608890626,DESCONHECIDO,Vereador,2012,SP_CAPITAL
250000049340,FLORIANO PESARO,PSDB,ELEITO 1T,37780,1195614.18,2474921.3526,65.50877058231869,DIREITA,Vereador,2012,SP_CAPITAL
250000049341,GOULART,PSD,ELEITO 1T,104301,716842.69,1483864.3682999997,14.226751117438948,DIREITA,Vereador,2012,SP_CAPITAL
250000049343,AURELIO MIGUEL,PR,ELEITO 1T,32520,550470.0,1139472.9,35.03914206642066,DESCONHECIDO,Vereador,2012,SP_CAPITAL
250000049344,AURÉLIO NOMURA,PSDB,ELEITO 1T,29236,463016.08,958443.2856,32.78298281570666,DIREITA,Vereador,2012,SP_CAPITAL
250000049345,CLAUDINHO,PSDB,ELEITO 1T,37441,321520.08,665546.5656,17.77587579391576,DIREITA,Vereador,2012,SP_CAPITAL
250000049349,DAVID SOARES,PSD,ELEITO 1T,32081,436953.82999999996,904494.4280999998,28.194084601477503,DIREITA,Vereador,2012,SP_CAPITAL
250000049355,EDIR SALES,PSD,ELEITO 1T,34476,1249892.68,2587277.8475999995,75.04576655064392,DIREITA,Vereador,2012,SP_CAPITAL
250000049356,EDUARDO TUMA,PSDB,ELEITO 1T,28756,260325.08,538872.9156,18.739494908888577,DIREITA,Vereador,2012,SP_CAPITAL
250000049368,GILSON BARRETO,PSDB,ELEITO 1T,31995,414350.88,857706.3215999999,26.80751122362869,DIREITA,Vereador,2012,SP_CAPITAL
250000049381,POLICE NETO - VEREADOR NETINHO,PSD,ELEITO 1T,28278,2447889.68,5067131.6376,179.18988746021643,DIREITA,Vereador,2012,SP_CAPITAL
250000049388,SOUZA SANTOS,PSD,ELEITO 1T,39658,430370.0,890865.8999999999,22.463712239648995,DIREITA,Vereador,2012,SP_CAPITAL
250000049397,MARCO AURELIO CUNHA,PSD,ELEITO 1T,40130,603758.5700000001,1249780.2399,31.14329030401196,DIREITA,Vereador,2012,SP_CAPITAL
250000049405,MARIO COVAS NETO,PSDB,ELEITO 1T,60697,698730.07,1446371.2448999998,23.8293695718075,DIREITA,Vereador,2012,SP_CAPITAL
250000049407,MARTA COSTA,PSD,ELEITO 1T,32914,498532.18,1031961.6125999999,31.353272546636685,DIREITA,Vereador,2012,SP_CAPITAL
250000049409,MILTON LEITE,DEM,ELEITO 1T,101664,3330419.63,6893968.634099999,67.81130620573654,DIREITA,Vereador,2012,SP_CAPITAL
250000049418,PATRICIA BEZERRA,PSDB,ELEITO 1T,34511,408721.88,846054.2916,24.515496264958998,DIREITA,Vereador,2012,SP_CAPITAL
250000049420,CORONEL TELHADA,PSDB,ELEITO 1T,89053,189293.08000000002,391836.6756,4.400039028443736,DIREITA,Vereador,2012,SP_CAPITAL
250000049429,SANDRA TADEU,DEM,ELEITO 1T,45770,1970744.71,4079441.5496999994,89.12915773869345,DIREITA,Vereador,2012,SP_CAPITAL
250000081974,ALFREDINHO,PT,ELEITO 1T,36634,1632274.95,3378809.1465,92.23151025004094,ESQUERDA,Vereador,2012,SP_CAPITAL
250000081977,DONATO,PT,ELEITO 1T,47039,1864037.54,3858557.7078,82.02890596738877,ESQUERDA,Vereador,2012,SP_CAPITAL
250000081980,ARSELINO TATTO,PT,ELEITO 1T,32135,909887.54,1883467.2078,58.61108473004512,ESQUERDA,Vereador,2012,SP_CAPITAL
250000081987,PASTOR EDEMILSON CHAVES,PP,ELEITO 1T,45858,48170.86,99713.68019999999,2.174400981290069,DIREITA,Vereador,2012,SP_CAPITAL
250000081993,ELISEU GABRIEL,PSB,ELEITO 1T,53634,733854.89,1519079.6223,28.3230716019689,ESQUERDA,Vereador,2012,SP_CAPITAL
250000082007,JAIR TATTO,PT,ELEITO 1T,31685,1033676.37,2139710.0859,67.53069546788701,ESQUERDA,Vereador,2012,SP_CAPITAL
250000082015,JOSÉ AMÉRICO,PT,ELEITO 1T,34291,1356549.71,2808057.8996999995,81.88906417718934,ESQUERDA,Vereador,2012,SP_CAPITAL
250000082024,JULIANA CARDOSO,PT,ELEITO 1T,46757,717917.54,1486089.3078,31.78324759501251,ESQUERDA,Vereador,2012,SP_CAPITAL
250000082045,OTA,PSB,ELEITO 1T,62693,280218.19,580051.6533,9.252255487853509,ESQUERDA,Vereador,2012,SP_CAPITAL
250000082047,NABIL BONDUKI,PT,ELEITO 1T,42411,1586718.04,3284506.3427999998,77.44468045554218,ESQUERDA,Vereador,2012,SP_CAPITAL
250000082050,NOEMI NONATO,PSB,ELEITO 1T,35601,548561.0,1135521.27,31.895768939074745,ESQUERDA,Vereador,2012,SP_CAPITAL
250000082052,REIS,PT,ELEITO 1T,28627,1677200.54,3471805.1177999997,121.27729478464386,ESQUERDA,Vereador,2012,SP_CAPITAL
250000082055,PAULO FIORILO,PT,ELEITO 1T,27805,1561119.28,3231516.9096,116.22071244740154,ESQUERDA,Vereador,2012,SP_CAPITAL
250000082067,SENIVAL MOURA,PT,ELEITO 1T,46524,547033.8,1132359.966,24.339265024503483,ESQUERDA,Vereador,2012,SP_CAPITAL
250000082073,VAVA DOS TRANSPORTES,PT,ELEITO 1T,29242,194655.54,402936.9678,13.77939155324533,ESQUERDA,Vereador,2012,SP_CAPITAL
250000004979,ADRIANA RAMALHO,PSDB,ELEITO 1T,29756,404606.05,615001.196,20.668140744723754,DIREITA,Vereador,2016,SP_CAPITAL
250000004981,ALINE CARDOSO,PSDB,ELEITO 1T,25769,658095.72,1000305.4944,38.818172781248784,DIREITA,Vereador,2016,SP_CAPITAL
250000004982,AURÉLIO NOMURA,PSDB,ELEITO 1T,41954,346302.22,526379.3744,12.546583744100682,DIREITA,Vereador,2016,SP_CAPITAL
250000004984,FABIO RIVA,PSDB,ELEITO 1T,28041,103038.42,156618.3984,5.585335701294533,DIREITA,Vereador,2016,SP_CAPITAL
250000004986,PATRICIA BEZERRA,PSDB,ELEITO 1T,45285,373689.54,568008.1008,12.542963471348129,DIREITA,Vereador,2016,SP_CAPITAL
250000004987,CLAUDINHO DE SOUZA,PSDB,ELEITO 1T,24923,325740.0,495124.8,19.866179833888374,DIREITA,Vereador,2016,SP_CAPITAL
250000004989,MARIO COVAS NETO,PSDB,ELEITO 1T,75593,440140.75,669013.9400000001,8.85021020464858,DIREITA,Vereador,2016,SP_CAPITAL
250000004992,EDUARDO TUMA,PSDB,ELEITO 1T,70273,1078024.55,1638597.316,23.317594467291848,DIREITA,Vereador,2016,SP_CAPITAL
250000004997,JOÃO JORGE,PSDB,ELEITO 1T,42404,339344.64,515803.85280000005,12.16403765682483,DIREITA,Vereador,2016,SP_CAPITAL
250000005003,DANIEL ANNENBERG,PSDB,ELEITO 1T,36983,622449.26,946122.8752,25.582642706108214,DIREITA,Vereador,2016,SP_CAPITAL
250000005006,GILSON BARRETO,PSDB,ELEITO 1T,38564,315762.42,479958.8784,12.445775293019397,DIREITA,Vereador,2016,SP_CAPITAL
250000005798,JANAINA LIMA,NOVO,ELEITO 1T,19425,304017.98,462107.3296,23.789309117117117,DIREITA,Vereador,2016,SP_CAPITAL
250000008293,ANDRÉ SANTOS,PRB,ELEITO 1T,37393,136263.8,207120.976,5.539030727676303,DESCONHECIDO,Vereador,2016,SP_CAPITAL
250000008347,ATILIO FRANCISCO,PRB,ELEITO 1T,46961,96377.18,146493.3136,3.1194675070803433,DESCONHECIDO,Vereador,2016,SP_CAPITAL
250000008365,SOUZA SANTOS,PRB,ELEITO 1T,55924,272900.56,414808.8512,7.417367341391889,DESCONHECIDO,Vereador,2016,SP_CAPITAL
250000008366,RINALDI DIGILIO,PRB,ELEITO 1T,20916,192080.0,291961.6,13.958768406961177,DESCONHECIDO,Vereador,2016,SP_CAPITAL
250000008375,GILBERTO NASCIMENTO JR,PSC,ELEITO 1T,30382,696763.86,1059081.0672,34.85883309854519,DIREITA,Vereador,2016,SP_CAPITAL
250000010842,SONINHA,PPS,ELEITO 1T,40113,83245.6,126533.312,3.1544215590955553,DESCONHECIDO,Vereador,2016,SP_CAPITAL
250000010847,CLAUDIO FONSECA,PPS,ELEITO 1T,18444,81487.2,123860.544,6.715492517891997,DESCONHECIDO,Vereador,2016,SP_CAPITAL
250000010863,ZÉ TURIN,PHS,ELEITO 1T,14957,91928.35,139731.092,9.342187069599518,DESCONHECIDO,Vereador,2016,SP_CAPITAL
250000010991,CAMILO CRISTÓFARO,PSB,ELEITO 1T,29603,43189.56,65648.1312,2.217617511738675,ESQUERDA,Vereador,2016,SP_CAPITAL
250000010992,ELISEU GABRIEL,PSB,ELEITO 1T,52355,580297.47,882052.1544,16.847524675771176,ESQUERDA,Vereador,2016,SP_CAPITAL
250000010999,OTA,PSB,ELEITO 1T,45915,170047.34,258471.95679999999,5.629357656539257,ESQUERDA,Vereador,2016,SP_CAPITAL
250000011011,CONTE LOPES,PP,ELEITO 1T,80052,214125.56,325470.8512,4.065742907110378,DIREITA,Vereador,2016,SP_CAPITAL
250000011016,DAVID SOARES,DEM,ELEITO 1T,24892,327005.77,497048.77040000004,19.968213498312714,DIREITA,Vereador,2016,SP_CAPITAL
250000011018,FERNANDO HOLIDAY,DEM,ELEITO 1T,48055,59164.14,89929.4928,1.8713868026219957,DIREITA,Vereador,2016,SP_CAPITAL
250000011022,MILTON LEITE,DEM,ELEITO 1T,107957,2396056.0,3642005.12,33.73570143668312,DIREITA,Vereador,2016,SP_CAPITAL
250000011027,SANDRA TADEU,DEM,ELEITO 1T,34182,664122.47,1009466.1544,29.532097431396643,DIREITA,Vereador,2016,SP_CAPITAL
250000011622,TRIPOLI,PV,ELEITO 1T,88843,517744.57,786971.7464000001,8.858005092128812,CENTRO,Vereador,2016,SP_CAPITAL
250000011624,GILBERTO NATALINI,PV,ELEITO 1T,28006,194032.27,294929.0504,10.530923744911805,CENTRO,Vereador,2016,SP_CAPITAL
250000014868,TONINHO VESPOLI,PSOL,ELEITO 1T,16012,209725.37,318782.5624,19.90897841618786,ESQUERDA,Vereador,2016,SP_CAPITAL
250000014885,SÂMIA BOMFIM,PSOL,ELEITO 1T,12464,45004.78,68407.2656,5.488387804878049,ESQUERDA,Vereador,2016,SP_CAPITAL
250000019125,ADILSON AMADEU,PTB,ELEITO 1T,67071,230780.0,350785.6,5.2300636638785765,DIREITA,Vereador,2016,SP_CAPITAL
250000019126,PAULO FRANGE,PTB,ELEITO 1T,29242,583665.06,887170.8912000001,30.338926585048906,DIREITA,Vereador,2016,SP_CAPITAL
250000020779,GEORGE HATO,PMDB,ELEITO 1T,26104,440827.42,670057.6784,25.668774072939012,DESCONHECIDO,Vereador,2016,SP_CAPITAL
250000020813,RICARDO NUNES,PMDB,ELEITO 1T,54692,757606.86,1151562.4272,21.055408966576465,DESCONHECIDO,Vereador,2016,SP_CAPITAL
250000020825,EDIR SALES,PSD,ELEITO 1T,39062,696302.46,1058379.7392,27.09486813783216,DIREITA,Vereador,2016,SP_CAPITAL
250000020837,POLICE NETO,PSD,ELEITO 1T,33537,370683.62,563439.1024,16.80052188329308,DIREITA,Vereador,2016,SP_CAPITAL
250000020852,RODRIGO GOULART,PSD,ELEITO 1T,49364,1086525.56,1651518.8512000002,33.45593653674743,DIREITA,Vereador,2016,SP_CAPITAL
250000020854,RUTE COSTA,PSD,ELEITO 1T,33999,373085.75,567090.34,16.67961822406541,DIREITA,Vereador,2016,SP_CAPITAL
250000022073,ALESSANDRO GUEDES,PT,ELEITO 1T,26780,248417.27,377594.25039999996,14.099859985063478,ESQUERDA,Vereador,2016,SP_CAPITAL
250000022074,ALFREDINHO,PT,ELEITO 1T,36324,357368.57,543200.2264,14.954306419997799,ESQUERDA,Vereador,2016,SP_CAPITAL
250000022075,DONATO,PT,ELEITO 1T,32592,992219.14,1508173.0928,46.27433397152676,ESQUERDA,Vereador,2016,SP_CAPITAL
250000022076,ARSELINO TATTO,PT,ELEITO 1T,26596,196457.79,298615.8408,11.227847826740863,ESQUERDA,Vereador,2016,SP_CAPITAL
250000022081,EDUARDO SUPLICY,PT,ELEITO 1T,301446,207189.53,314928.0856,1.0447247122204308,ESQUERDA,Vereador,2016,SP_CAPITAL
250000022084,JAIR TATTO,PT,ELEITO 1T,30989,198295.99,301409.9048,9.726351440833845,ESQUERDA,Vereador,2016,SP_CAPITAL
250000022086,JULIANA CARDOSO,PT,ELEITO 1T,34949,245580.61,373282.5272,10.680778482932274,ESQUERDA,Vereador,2016,SP_CAPITAL
250000022098,REIS,PT,ELEITO 1T,29308,347904.7,528815.144,18.043371912105908,ESQUERDA,Vereador,2016,SP_CAPITAL
250000022100,SENIVAL MOURA,PT,ELEITO 1T,45320,314777.34,478461.5568,10.557404165931157,ESQUERDA,Vereador,2016,SP_CAPITAL
250000022111,TONINHO PAIVA,PR,ELEITO 1T,35219,190638.0,289769.76,8.227654391095715,DESCONHECIDO,Vereador,2016,SP_CAPITAL
250000022114,CELSO JATENE,PR,ELEITO 1T,53715,492383.54,748422.9808,13.933221275249,DESCONHECIDO,Vereador,2016,SP_CAPITAL
250000022120,ISAC FELIX,PR,ELEITO 1T,25876,336409.36,511342.22719999996,19.7612547225228,DESCONHECIDO,Vereador,2016,SP_CAPITAL
250000022124,NOEMI NONATO,PR,ELEITO 1T,32116,230268.78,350008.5456,10.89826085440279,DESCONHECIDO,Vereador,2016,SP_CAPITAL
250000022137,RICARDO TEIXEIRA,PROS,ELEITO 1T,28515,406268.85,617528.652,21.65627396107312,DIREITA,Vereador,2016,SP_CAPITAL
250000058381,DR. MILTON FERREIRA,PTN,ELEITO 1T,21849,142195.59,216137.2968,9.892319868186188,DESCONHECIDO,Vereador,2016,SP_CAPITAL
250000641025,ISAC FÉLIX,PL,ELEITO 1T,23929,538810.0,689676.8,28.821797818546536,DIREITA,Vereador,2020,SP_CAPITAL
250000641041,THAMMY MIRANDA,PL,ELEITO 1T,43321,185780.0,237798.4,5.489217700422428,DIREITA,Vereador,2020,SP_CAPITAL
250000651019,ELI CORRÊA,DEM,ELEITO 1T,32482,415309.0,531595.52,16.365849393510253,DIREITA,Vereador,2020,SP_CAPITAL
250000651026,DRA SANDRA TADEU,DEM,ELEITO 1T,28464,731796.5,936699.52,32.90821810005621,DIREITA,Vereador,2020,SP_CAPITAL
250000651028,RICARDO TEIXEIRA,DEM,ELEITO 1T,23280,353418.51,452375.6928,19.43194556701031,DIREITA,Vereador,2020,SP_CAPITAL
250000651049,MILTON LEITE,DEM,ELEITO 1T,132716,2570274.15,3289950.912,24.78940679345369,DIREITA,Vereador,2020,SP_CAPITAL
250000651052,ADILSON AMADEU,DEM,ELEITO 1T,30549,655503.95,839045.056,27.465548986873547,DIREITA,Vereador,2020,SP_CAPITAL
250000658736,FERNANDO HOLIDAY,PATRIOTA,ELEITO 1T,67715,186836.47999999998,239150.69439999998,3.5317240552314844,DIREITA,Vereador,2020,SP_CAPITAL
250000658737,MARLON DO UBER,PATRIOTA,ELEITO 1T,25643,8913.01,11408.6528,0.4449032016534727,DIREITA,Vereador,2020,SP_CAPITAL
250000658745,RUBINHO NUNES,PATRIOTA,ELEITO 1T,33038,250608.02,320778.2656,9.709373012894243,DIREITA,Vereador,2020,SP_CAPITAL
250000686837,SILVIA DA BANCADA FEMINISTA,PSOL,ELEITO 1T,46267,124982.37,159977.4336,3.4577005986988563,ESQUERDA,Vereador,2020,SP_CAPITAL
250000686838,ERIKA HILTON,PSOL,ELEITO 1T,50508,97621.34,124955.3152,2.4739707610675534,ESQUERDA,Vereador,2020,SP_CAPITAL
250000686842,LUANA ALVES,PSOL,ELEITO 1T,37550,120321.82,154011.9296,4.101516101198402,ESQUERDA,Vereador,2020,SP_CAPITAL
250000686853,TONINHO VESPOLI,PSOL,ELEITO 1T,26748,299841.46,383797.0688,14.348626768356512,ESQUERDA,Vereador,2020,SP_CAPITAL
250000686857,CELSO GIANNAZI,PSOL,ELEITO 1T,28535,248499.79,318079.73120000004,11.147003020851587,ESQUERDA,Vereador,2020,SP_CAPITAL
250000686862,ELAINE DO QUILOMBO PERIFÉRICO,PSOL,ELEITO 1T,22742,230980.76,295655.3728,13.000412136135784,ESQUERDA,Vereador,2020,SP_CAPITAL
250000688220,CRIS MONTEIRO,NOVO,ELEITO 1T,18085,360185.70999999996,461037.70879999996,25.492823267901574,DIREITA,Vereador,2020,SP_CAPITAL
250000688246,JANAÍNA LIMA,NOVO,ELEITO 1T,30931,964237.48,1234223.9744,39.9024918172707,DIREITA,Vereador,2020,SP_CAPITAL
250000706751,ROBERTO TRIPOLI,PV,ELEITO 1T,46219,622824.0,797214.72,17.248636275124948,CENTRO,Vereador,2020,SP_CAPITAL
250000707285,FARIA DE SÁ,PP,ELEITO 1T,34213,573430.0,733990.4,21.453552743109345,DIREITA,Vereador,2020,SP_CAPITAL
250000754045,RINALDI DIGILIO,PSL,ELEITO 1T,13673,171939.0,220081.92,16.096095955532803,DIREITA,Vereador,2020,SP_CAPITAL
250000789456,SENIVAL MOURA,PT,ELEITO 1T,25311,285460.59,365389.55520000006,14.435998388052628,ESQUERDA,Vereador,2020,SP_CAPITAL
250000789460,JAIR TATTO,PT,ELEITO 1T,29918,200546.66999999998,256699.7376,8.580110221271475,ESQUERDA,Vereador,2020,SP_CAPITAL
250000789472,ALFREDINHO,PT,ELEITO 1T,25159,308312.60000000003,394640.128,15.685843157518185,ESQUERDA,Vereador,2020,SP_CAPITAL
250000789479,ARSELINO TATTO,PT,ELEITO 1T,25021,191455.64,245063.21920000002,9.794301554694059,ESQUERDA,Vereador,2020,SP_CAPITAL
250000789495,ALESSANDRO GUEDES,PT,ELEITO 1T,31124,318497.6,407676.92799999996,13.098474746176583,ESQUERDA,Vereador,2020,SP_CAPITAL
250000789502,EDUARDO SUPLICY,PT,ELEITO 1T,167552,236633.26,302890.5728,1.8077407181054241,ESQUERDA,Vereador,2020,SP_CAPITAL
250000789503,DONATO,PT,ELEITO 1T,31920,709115.41,907667.7248000001,28.435705664160405,ESQUERDA,Vereador,2020,SP_CAPITAL
250000789522,JULIANA CARDOSO,PT,ELEITO 1T,28402,479243.19,613431.2832000001,21.59817207238927,ESQUERDA,Vereador,2020,SP_CAPITAL
250000811381,DR MILTON FERREIRA,PODE,ELEITO 1T,20126,460958.15,590026.432,29.31662685083971,DIREITA,Vereador,2020,SP_CAPITAL
250000811394,ELY TERUEL,PODE,ELEITO 1T,23084,358500.0,458880.0,19.878703864148328,DIREITA,Vereador,2020,SP_CAPITAL
250000811453,DANILO DO POSTO DE SAÚDE,PODE,ELEITO 1T,19024,124470.0,159321.6,8.374768713204373,DIREITA,Vereador,2020,SP_CAPITAL
250000881905,PAULO FRANGE,PTB,ELEITO 1T,17796,338200.3,432896.384,24.325487974825805,DIREITA,Vereador,2020,SP_CAPITAL
250000883826,SANSÃO PEREIRA,REPUBLICANOS,ELEITO 1T,39709,238096.93,304764.0704,7.674936926137652,DIREITA,Vereador,2020,SP_CAPITAL
250000883844,ANDRÉ SANTOS,REPUBLICANOS,ELEITO 1T,41584,719118.0,920471.04,22.135221238938055,DIREITA,Vereador,2020,SP_CAPITAL
250000883850,SONAIRA FERNANDES,REPUBLICANOS,ELEITO 1T,17881,22002.5,28163.2,1.575034953302388,DIREITA,Vereador,2020,SP_CAPITAL
250000883851,ATILIO FRANCISCO,REPUBLICANOS,ELEITO 1T,35345,279546.92,357820.0576,10.12364005092658,DIREITA,Vereador,2020,SP_CAPITAL
250000885531,DR SIDNEY CRUZ,SOLIDARIEDADE,ELEITO 1T,17899,241856.97,309576.9216,17.29576633331471,DIREITA,Vereador,2020,SP_CAPITAL
250000919185,JOÃO JORGE,PSDB,ELEITO 1T,34323,608200.0,778496.0,22.681467237712322,DIREITA,Vereador,2020,SP_CAPITAL
250000919186,AURÉLIO NOMURA,PSDB,ELEITO 1T,25316,372977.07,477410.6496,18.858060104281876,DIREITA,Vereador,2020,SP_CAPITAL
250000919199,RUTE COSTA,PSDB,ELEITO 1T,41546,221045.84,282938.6752,6.810250690800558,DIREITA,Vereador,2020,SP_CAPITAL
250000919202,EDUARDO TUMA,PSDB,ELEITO 1T,40270,965473.3,1235805.824,30.68800158927241,DIREITA,Vereador,2020,SP_CAPITAL
250000919204,TRIPOLI,PSDB,ELEITO 1T,30495,656567.0700000001,840405.8496000001,27.55880798819479,DIREITA,Vereador,2020,SP_CAPITAL
250000919211,CARLOS BEZERRA JR.,PSDB,ELEITO 1T,34144,193117.07,247189.84960000002,7.2396277413308345,DIREITA,Vereador,2020,SP_CAPITAL
250000919212,SANDRA SANTANA,PSDB,ELEITO 1T,19591,431797.07,552700.2496,28.211946791894235,DIREITA,Vereador,2020,SP_CAPITAL
250000919213,FABIO RIVA,PSDB,ELEITO 1T,24739,238917.07,305813.8496,12.361609183879704,DIREITA,Vereador,2020,SP_CAPITAL
250000925979,GILBERTO NASCIMENTO JR,PSC,ELEITO 1T,22659,296873.08,379997.54240000003,16.770269755946867,DIREITA,Vereador,2020,SP_CAPITAL
250001016136,EDIR SALES,PSD,ELEITO 1T,23106,900171.74,1152219.8272,49.866693811131306,DIREITA,Vereador,2020,SP_CAPITAL
250001016152,FELIPE BECARI,PSD,ELEITO 1T,98717,103000.0,131840.0,1.3355349129329295,DIREITA,Vereador,2020,SP_CAPITAL
250001016164,RODRIGO GOULART,PSD,ELEITO 1T,31472,1167149.41,1493951.2448,47.46921850533808,DIREITA,Vereador,2020,SP_CAPITAL
250001088436,GEORGE HATO,MDB,ELEITO 1T,25599,544594.75,697081.28,27.230801203172,DIREITA,Vereador,2020,SP_CAPITAL
250001088449,DELEGADO PALUMBO,MDB,ELEITO 1T,118395,288360.0,369100.8,3.1175370581527937,DIREITA,Vereador,2020,SP_CAPITAL
250001088452,MARCELO MESSIAS,MDB,ELEITO 1T,23006,159501.24,204161.58719999998,8.874275719377552,DIREITA,Vereador,2020,SP_CAPITAL
250001123275,CAMILO CRISTOFARO,PSB,ELEITO 1T,23431,230000.0,294400.0,12.564551235542657,ESQUERDA,Vereador,2020,SP_CAPITAL
250001123285,ELISEU GABRIEL,PSB,ELEITO 1T,21122,545564.4299999999,698322.4703999999,33.06138009658176,ESQUERDA,Vereador,2020,SP_CAPITAL
250001881793,RICARDO TEIXEIRA,UNIÃO,ELEITO 1T,31566,861102.45,861102.45,27.279428815814484,DIREITA,Vereador,2024,SP_CAPITAL
250001881805,SILVÃO LEITE,UNIÃO,ELEITO 1T,63988,3640826.79,3640826.79,56.89858707882728,DIREITA,Vereador,2024,SP_CAPITAL
250001881806,ADRILLES JORGE,UNIÃO,ELEITO 1T,25038,650568.2000000001,650568.2000000001,25.983233485102648,DIREITA,Vereador,2024,SP_CAPITAL
250001881809,RUBINHO NUNES,UNIÃO,ELEITO 1T,101549,2190134.39,2190134.39,21.567266935174153,DIREITA,Vereador,2024,SP_CAPITAL
250001881810,SILVINHO,UNIÃO,ELEITO 1T,53453,3701246.14,3701246.14,69.24300114118945,DIREITA,Vereador,2024,SP_CAPITAL
250001881822,AMANDA VETTORAZZO,UNIÃO,ELEITO 1T,40144,1053489.28,1053489.28,26.2427580709446,DIREITA,Vereador,2024,SP_CAPITAL
250001881830,PASTORA SANDRA ALVES,UNIÃO,ELEITO 1T,74192,4068007.88,4068007.88,54.83081572137157,DIREITA,Vereador,2024,SP_CAPITAL
250001913931,JOÃO ANANIAS,PT,ELEITO 1T,33225,1679930.87,1679930.87,50.56225342362679,ESQUERDA,Vereador,2024,SP_CAPITAL
250001913934,ALESSANDRO GUEDES,PT,ELEITO 1T,58183,1583192.27,1583192.27,27.210564426035095,ESQUERDA,Vereador,2024,SP_CAPITAL
250001913942,SENIVAL MOURA,PT,ELEITO 1T,30480,1279965.87,1279965.87,41.993630905511814,ESQUERDA,Vereador,2024,SP_CAPITAL
250001913946,JAIR TATTO,PT,ELEITO 1T,30905,1105236.74,1105236.74,35.76239249312409,ESQUERDA,Vereador,2024,SP_CAPITAL
250001913948,HÉLIO RODRIGUES,PT,ELEITO 1T,40753,1467867.87,1467867.87,36.018645743871616,ESQUERDA,Vereador,2024,SP_CAPITAL
250001913953,NABIL BONDUKI,PT,ELEITO 1T,49540,1250124.19,1250124.19,25.234642511102138,ESQUERDA,Vereador,2024,SP_CAPITAL
250001913956,LUNA ZARATTINI,PT,ELEITO 1T,100921,1951350.87,1951350.87,19.335429395269568,ESQUERDA,Vereador,2024,SP_CAPITAL
250001913963,DHEISON,PT,ELEITO 1T,30575,1105382.87,1105382.87,36.15316009811938,ESQUERDA,Vereador,2024,SP_CAPITAL
250001913972,TRIPOLI,PV,ELEITO 1T,39039,1273424.2000000002,1273424.2000000002,32.61928328082175,CENTRO,Vereador,2024,SP_CAPITAL
250001933051,GABRIEL ABREU,PODE,ELEITO 1T,58581,2124460.32,2124460.32,36.26534746760895,DIREITA,Vereador,2024,SP_CAPITAL
250001933054,DANILO DO POSTO DE SAÚDE,PODE,ELEITO 1T,58676,639999.99,639999.99,10.907355477537664,DIREITA,Vereador,2024,SP_CAPITAL
250001933064,DR. MILTON FERREIRA,PODE,ELEITO 1T,33493,1112465.63,1112465.63,33.21486967426029,DIREITA,Vereador,2024,SP_CAPITAL
250001933068,ANA CAROLINA OLIVEIRA,PODE,ELEITO 1T,129563,1540589.0,1540589.0,11.89065551121848,DIREITA,Vereador,2024,SP_CAPITAL
250001933078,KENJI PALUMBO,PODE,ELEITO 1T,32495,643554.0,643554.0,19.80470841667949,DIREITA,Vereador,2024,SP_CAPITAL
250001933095,SIMONE GANEM,PODE,ELEITO 1T,38540,1012760.0,1012760.0,26.27815256875973,DIREITA,Vereador,2024,SP_CAPITAL
250001962463,ELY TERUEL,MDB,ELEITO 1T,35622,1736000.0,1736000.0,48.7339284711695,DIREITA,Vereador,2024,SP_CAPITAL
250001962464,FABIO RIVA,MDB,ELEITO 1T,44627,1140000.0,1140000.0,25.545073610146325,DIREITA,Vereador,2024,SP_CAPITAL
250001962465,JOÃO JORGE,MDB,ELEITO 1T,36296,1421263.1099999999,1421263.1099999999,39.15756860260083,DIREITA,Vereador,2024,SP_CAPITAL
250001962471,MARCELO MESSIAS,MDB,ELEITO 1T,40079,682000.0,682000.0,17.016392624566482,DIREITA,Vereador,2024,SP_CAPITAL
250001962472,GEORGE HATO,MDB,ELEITO 1T,42837,1240465.27,1240465.27,28.957799799238977,DIREITA,Vereador,2024,SP_CAPITAL
250001962497,SIDNEY CRUZ,MDB,ELEITO 1T,42988,1697900.0,1697900.0,39.49706894947427,DIREITA,Vereador,2024,SP_CAPITAL
250001962510,SANDRA SANTANA,MDB,ELEITO 1T,38326,1325798.55,1325798.55,34.59266685800762,DIREITA,Vereador,2024,SP_CAPITAL
250001973467,LUCAS PAVANATO,PL,ELEITO 1T,161386,1077658.34,1077658.34,6.677520602778432,DIREITA,Vereador,2024,SP_CAPITAL
250001973481,ISAC FÉLIX,PL,ELEITO 1T,62275,1052000.0,1052000.0,16.892814130871137,DIREITA,Vereador,2024,SP_CAPITAL
250001973486,DRA SANDRA TADEU,PL,ELEITO 1T,74511,1593501.32,1593501.32,21.386121780676678,DIREITA,Vereador,2024,SP_CAPITAL
250001973490,RUTE COSTA,PL,ELEITO 1T,43090,1550036.12,1550036.12,35.97206126711534,DIREITA,Vereador,2024,SP_CAPITAL
250001973504,GILBERTO NASCIMENTO,PL,ELEITO 1T,22306,1236331.6,1236331.6,55.4259661077737,DIREITA,Vereador,2024,SP_CAPITAL
250001973518,ZOE MARTINEZ,PL,ELEITO 1T,60272,959000.0,959000.0,15.91120254844704,DIREITA,Vereador,2024,SP_CAPITAL
250001973520,SONAIRA FERNANDES,PL,ELEITO 1T,33957,1771285.0,1771285.0,52.16258797891451,DIREITA,Vereador,2024,SP_CAPITAL
250001977564,ANDRÉ SANTOS,REPUBLICANOS,ELEITO 1T,41379,833076.0,833076.0,20.13282099615747,DIREITA,Vereador,2024,SP_CAPITAL
250001977569,SANSÃO PEREIRA,REPUBLICANOS,ELEITO 1T,42229,730502.5,730502.5,17.29859811977551,DIREITA,Vereador,2024,SP_CAPITAL
250002034102,ELISEU GABRIEL,PSB,ELEITO 1T,30706,1065707.78,1065707.78,34.70682537614798,ESQUERDA,Vereador,2024,SP_CAPITAL
250002034110,RENATA FALZONI,PSB,ELEITO 1T,30206,432572.32,432572.32,14.320741574521618,ESQUERDA,Vereador,2024,SP_CAPITAL
250002052100,MARINA BRAGANTE,REDE,ELEITO 1T,39147,1331856.4000000001,1331856.4000000001,34.02192760620227,CENTRO,Vereador,2024,SP_CAPITAL
250002052106,PROFESSOR TONINHO VESPOLI,PSOL,ELEITO 1T,34735,528464.74,528464.74,15.214185691665467,ESQUERDA,Vereador,2024,SP_CAPITAL
250002052107,SILVIA DA BANCADA FEMINISTA,PSOL,ELEITO 1T,34537,686787.54,686787.54,19.885558676202336,ESQUERDA,Vereador,2024,SP_CAPITAL
250002052111,CELSO GIANNAZI,PSOL,ELEITO 1T,57789,492970.13999999996,492970.13999999996,8.530518610808285,ESQUERDA,Vereador,2024,SP_CAPITAL
250002052115,KEIT LIMA,PSOL,ELEITO 1T,27769,772937.5599999999,772937.5599999999,27.83454787712917,ESQUERDA,Vereador,2024,SP_CAPITAL
250002052116,LUANA ALVES,PSOL,ELEITO 1T,83262,601539.49,601539.49,7.224658187408422,ESQUERDA,Vereador,2024,SP_CAPITAL
250002052119,AMANDA PASCHOAL,PSOL,ELEITO 1T,108654,604880.9,604880.9,5.567037568796363,ESQUERDA,Vereador,2024,SP_CAPITAL
250002079329,CRIS MONTEIRO,NOVO,ELEITO 1T,56904,1357878.0,1357878.0,23.862610712779418,DIREITA,Vereador,2024,SP_CAPITAL
250002161318,RODRIGO GOULART,PSD,ELEITO 1T,58715,4288678.09,4288678.09,73.04229055607595,DIREITA,Vereador,2024,SP_CAPITAL
250002161322,EDIR SALES,PSD,ELEITO 1T,58190,2688055.05,2688055.05,46.194450077332874,DIREITA,Vereador,2024,SP_CAPITAL
250002161326,THAMMY MIRANDA,PSD,ELEITO 1T,50234,966154.06,966154.06,19.233070430385794,DIREITA,Vereador,2024,SP_CAPITAL
250002174662,MAJOR PALUMBO,PP,ELEITO 1T,43455,643608.3,643608.3,14.810914739385572,DIREITA,Vereador,2024,SP_CAPITAL
250002174669,DR. MURILLO LIMA,PP,ELEITO 1T,113820,2780000.0,2780000.0,24.42452995958531,DIREITA,Vereador,2024,SP_CAPITAL
250002174677,JANAINA PASCHOAL,PP,ELEITO 1T,48893,361700.0,361700.0,7.39778700427464,DIREITA,Vereador,2024,SP_CAPITAL
250002174684,SARGENTO NANTES,PP,ELEITO 1T,112484,324811.61,324811.61,2.887624995554923,DIREITA,Vereador,2024,SP_CAPITAL
250000050277,FERNANDO HADDAD,PT,ELEITO 2T,1776317,0,0.0,0.0,ESQUERDA,Prefeito,2012,SP_CAPITAL
250000004975,JOÃO DORIA,PSDB,ELEITO 1T,3085187,0,0.0,0.0,DIREITA,Prefeito,2016,SP_CAPITAL
250000896546,BRUNO COVAS,PSDB,ELEITO 2T,1754013,20461288.72,26190449.5616,14.93173058671743,DIREITA,Prefeito,2020,SP_CAPITAL
250002098117,RICARDO NUNES,MDB,ELEITO 2T,1801139,53978876.44,53978876.44,29.96930078133892,DIREITA,Prefeito,2024,SP_CAPITAL
250000600541,ADRIANA BORGO,PROS,ELEITO 1T,41953,88226.0,125280.92,2.986220770862632,DIREITA,Deputado Estadual,2018,SP_ESTADO
250000601484,CARLOS GIANNAZI,PSOL,ELEITO 1T,218705,405547.69,575877.7198,2.633125533481173,ESQUERDA,Deputado Estadual,2018,SP_ESTADO
250000601542,MONICA DA BANCADA ATIVISTA,PSOL,ELEITO 1T,149844,87918.67,124844.51139999999,0.8331632324283921,ESQUERDA,Deputado Estadual,2018,SP_ESTADO
250000601581,ISA PENNA,PSOL,ELEITO 1T,53838,47303.25,67170.61499999999,1.2476432073999775,ESQUERDA,Deputado Estadual,2018,SP_ESTADO
250000601927,HENI OZI CUKIER,NOVO,ELEITO 1T,130214,566766.99,804809.1257999999,6.180665103598691,DIREITA,Deputado Estadual,2018,SP_ESTADO
250000601932,SERGIO VICTOR,NOVO,ELEITO 1T,29909,37520.0,53278.399999999994,1.7813500952890433,DIREITA,Deputado Estadual,2018,SP_ESTADO
250000601937,RICARDO MELLAO,NOVO,ELEITO 1T,27150,333044.0,472922.48,17.418875874769796,DIREITA,Deputado Estadual,2018,SP_ESTADO
250000602005,DANIEL JOSÉ,NOVO,ELEITO 1T,183480,997959.25,1417102.135,7.723469233703946,DIREITA,Deputado Estadual,2018,SP_ESTADO
250000602972,PAULO CORREA JR,PATRI,ELEITO 1T,46438,850073.4,1207104.228,25.99388922864895,DESCONHECIDO,Deputado Estadual,2018,SP_ESTADO
250000604064,CARUSO,MDB,ELEITO 1T,83758,722176.6599999999,1025490.8571999999,12.243497423529691,DIREITA,Deputado Estadual,2018,SP_ESTADO
250000604081,ITAMAR BORGES,MDB,ELEITO 1T,82185,963800.02,1368596.0284,16.652625520472107,DIREITA,Deputado Estadual,2018,SP_ESTADO
250000604084,LÉO OLIVEIRA,MDB,ELEITO 1T,76703,784297.66,1113702.6772,14.519675595478665,DIREITA,Deputado Estadual,2018,SP_ESTADO
250000604975,ALEXANDRE PEREIRA,SOLIDARIEDADE,ELEITO 1T,49741,760910.34,1080492.6827999998,21.72237556140809,DIREITA,Deputado Estadual,2018,SP_ESTADO
250000605639,ANALICE FERNANDES,PSDB,ELEITO 1T,110089,945008.0,1341911.3599999999,12.189331904186611,DIREITA,Deputado Estadual,2018,SP_ESTADO
250000605641,CARLÃO PIGNATARI,PSDB,ELEITO 1T,74006,512631.44,727936.6448,9.83618415804124,DIREITA,Deputado Estadual,2018,SP_ESTADO
250000605642,CAUÊ MACRIS,PSDB,ELEITO 1T,114690,751331.25,1066890.375,9.302383599267591,DIREITA,Deputado Estadual,2018,SP_ESTADO
250000605648,MARCOS ZERBINI,PSDB,ELEITO 1T,69296,255990.0,363505.8,5.245696721311475,DIREITA,Deputado Estadual,2018,SP_ESTADO
250000605649,MARIA LÚCIA AMARY,PSDB,ELEITO 1T,70743,844494.95,1199182.829,16.951257778154726,DIREITA,Deputado Estadual,2018,SP_ESTADO
250000605671,MAURO BRAGATO,PSDB,ELEITO 1T,65475,263775.0,374560.5,5.720664375715922,DIREITA,Deputado Estadual,2018,SP_ESTADO
250000605675,CEZAR,PSDB,ELEITO 1T,84657,943641.0,1339970.22,15.828227081044686,DIREITA,Deputado Estadual,2018,SP_ESTADO
250000605678,CARLA MORANDO,PSDB,ELEITO 1T,89636,938233.0,1332290.8599999999,14.863345753938148,DIREITA,Deputado Estadual,2018,SP_ESTADO
250000605695,ALTAIR MORAES,PRB,ELEITO 1T,86230,708853.35,1006571.7569999999,11.673103989330858,DESCONHECIDO,Deputado Estadual,2018,SP_ESTADO
250000605698,EDNA MACEDO,PRB,ELEITO 1T,84144,1000540.85,1420768.007,16.884959200893707,DESCONHECIDO,Deputado Estadual,2018,SP_ESTADO
250000605701,GILMACI SANTOS,PRB,ELEITO 1T,82678,697625.5,990628.21,11.981763105058176,DESCONHECIDO,Deputado Estadual,2018,SP_ESTADO
250000605703,JORGE WILSON XERIFE CONSUMIDOR,PRB,ELEITO 1T,177414,985383.0,1399243.8599999999,7.88688525144577,DESCONHECIDO,Deputado Estadual,2018,SP_ESTADO
250000605711,SEBASTIÃO SANTOS,PRB,ELEITO 1T,75280,879436.3,1248799.546,16.588729357066953,DESCONHECIDO,Deputado Estadual,2018,SP_ESTADO
250000605715,WELLINGTON MOURA,PRB,ELEITO 1T,80271,922805.86,1310384.3212,16.324504755141955,DESCONHECIDO,Deputado Estadual,2018,SP_ESTADO
250000605718,DELEGADO OLIM,PP,ELEITO 1T,161569,539189.65,765649.303,4.738837914451411,DIREITA,Deputado Estadual,2018,SP_ESTADO
250000605723,PROFESSOR KENNY,PP,ELEITO 1T,117567,195903.05,278182.33099999995,2.366159985370044,DIREITA,Deputado Estadual,2018,SP_ESTADO
250000605726,CORONEL TELHADA,PP,ELEITO 1T,214445,744000.0,1056480.0,4.926577910419921,DIREITA,Deputado Estadual,2018,SP_ESTADO
250000605728,CONTE LOPES,PP,ELEITO 1T,116806,261010.0,370634.19999999995,3.173075013269866,DIREITA,Deputado Estadual,2018,SP_ESTADO
250000605731,ARTHUR MAMÃE FALEI,DEM,ELEITO 1T,478280,276674.33,392877.5486,0.8214383804466002,DIREITA,Deputado Estadual,2018,SP_ESTADO
250000605732,DANIEL SOARES,DEM,ELEITO 1T,97330,166583.34,236548.34279999998,2.430374425151546,DIREITA,Deputado Estadual,2018,SP_ESTADO
250000605734,EDMIR CHEDID,DEM,ELEITO 1T,135991,735399.19,1044266.8497999999,7.678940884323226,DIREITA,Deputado Estadual,2018,SP_ESTADO
250000605736,ESTEVAM GALVÃO,DEM,ELEITO 1T,59548,485260.47,689069.8673999999,11.571671045207225,DIREITA,Deputado Estadual,2018,SP_ESTADO
250000605740,MILTON LEITE FILHO,DEM,ELEITO 1T,105492,791653.28,1124147.6576,10.65623608994047,DIREITA,Deputado Estadual,2018,SP_ESTADO
250000605741,RODRIGO MORAES,DEM,ELEITO 1T,75845,454200.0,644964.0,8.503711516909487,DIREITA,Deputado Estadual,2018,SP_ESTADO
250000605742,ROGÉRIO NOGUEIRA,DEM,ELEITO 1T,89040,389473.24,553052.0007999999,6.211275840071877,DIREITA,Deputado Estadual,2018,SP_ESTADO
250000605748,ALEX DE MADUREIRA,PSD,ELEITO 1T,118294,508316.26,721809.0891999999,6.101823331698987,DIREITA,Deputado Estadual,2018,SP_ESTADO
250000605769,MARTA COSTA,PSD,ELEITO 1T,117156,986000.0,1400120.0,11.950903069411725,DIREITA,Deputado Estadual,2018,SP_ESTADO
250000606799,LECI BRANDÃO,PC do B,ELEITO 1T,64487,348135.18,494351.9556,7.665916473087599,ESQUERDA,Deputado Estadual,2018,SP_ESTADO
250000607022,SARGENTO NERI,AVANTE,ELEITO 1T,34238,13263.05,18833.531,0.5500768444418482,DIREITA,Deputado Estadual,2018,SP_ESTADO
250000608463,DRA.DAMARIS MOURA ,PHS,ELEITO 1T,45103,533697.5,757850.45,16.802661685475467,DESCONHECIDO,Deputado Estadual,2018,SP_ESTADO
250000613301,VALERIA BOLSONARO,PSL,ELEITO 1T,54519,17100.0,24282.0,0.4453860122159247,DIREITA,Deputado Estadual,2018,SP_ESTADO
250000613314,AGENTE FEDERAL DANILO BALAS,PSL,ELEITO 1T,38661,45802.0,65038.84,1.682285507358837,DIREITA,Deputado Estadual,2018,SP_ESTADO
250000613318,LETICIA AGUIAR,PSL,ELEITO 1T,60909,32614.52,46312.6184,0.7603575563545617,DIREITA,Deputado Estadual,2018,SP_ESTADO
250000613327,FREDERICO D AVILA,PSL,ELEITO 1T,24470,449259.98,637949.1715999999,26.070664961176945,DIREITA,Deputado Estadual,2018,SP_ESTADO
250000613335,CORONEL NISHIKAWA,PSL,ELEITO 1T,23094,33954.56,48215.47519999999,2.0877922923703123,DIREITA,Deputado Estadual,2018,SP_ESTADO
250000613342,DOUGLAS GARCIA,PSL,ELEITO 1T,74351,10075.24,14306.840799999998,0.1924229774986214,DIREITA,Deputado Estadual,2018,SP_ESTADO
250000613355,DELEGADO BRUNO LIMA,PSL,ELEITO 1T,103823,648487.96,920852.9032,8.869449960028124,DIREITA,Deputado Estadual,2018,SP_ESTADO
250000613363,MAJOR MECCA,PSL,ELEITO 1T,131531,60688.24,86177.3008,0.6551862359443781,DIREITA,Deputado Estadual,2018,SP_ESTADO
250000613380,GIL DINIZ,PSL,ELEITO 1T,214037,11304.5,16052.39,0.07499820124557903,DIREITA,Deputado Estadual,2018,SP_ESTADO
250000613388,ADALBERTO FREITAS,PSL,ELEITO 1T,26153,14524.57,20624.8894,0.7886242266661568,DIREITA,Deputado Estadual,2018,SP_ESTADO
250000613418,TENENTE COIMBRA,PSL,ELEITO 1T,24109,40701.56,57796.21519999999,2.3972879505578826,DIREITA,Deputado Estadual,2018,SP_ESTADO
250000613419,CASTELO BRANCO,PSL,ELEITO 1T,38026,105712.99,150112.4458,3.9476265134381734,DIREITA,Deputado Estadual,2018,SP_ESTADO
250000613425,RODRIGO GAMBALE,PSL,ELEITO 1T,86981,397047.99,563808.1457999999,6.481969002425816,DIREITA,Deputado Estadual,2018,SP_ESTADO
250000613435,TENENTE NASCIMENTO,PSL,ELEITO 1T,45050,187624.89,266427.34380000003,5.914036488346283,DIREITA,Deputado Estadual,2018,SP_ESTADO
250000613450,JANAINA PASCHOAL,PSL,ELEITO 1T,2060786,65139.4,92497.948,0.04488479056049488,DIREITA,Deputado Estadual,2018,SP_ESTADO
250000615252,ROBERTO ENGLER,PSB,ELEITO 1T,69969,800038.29,1136054.3718,16.236538635681516,ESQUERDA,Deputado Estadual,2018,SP_ESTADO
250000615253,RAFAEL SILVA,PSB,ELEITO 1T,71992,280172.31,397844.6802,5.526234584398266,ESQUERDA,Deputado Estadual,2018,SP_ESTADO
250000615256,CAIO FRANÇA,PSB,ELEITO 1T,162166,972533.5,1380997.5699999998,8.51595013751341,ESQUERDA,Deputado Estadual,2018,SP_ESTADO
250000615259,ED THOMAS,PSB,ELEITO 1T,61371,466267.11,662099.2962,10.788471691841423,ESQUERDA,Deputado Estadual,2018,SP_ESTADO
250000615261,CARLOS CEZAR,PSB,ELEITO 1T,115566,568857.0,807776.94,6.9897455999169305,ESQUERDA,Deputado Estadual,2018,SP_ESTADO
250000615267,RAFA ZIMBALDI,PSB,ELEITO 1T,80789,741611.05,1053087.691,13.035038074490341,ESQUERDA,Deputado Estadual,2018,SP_ESTADO
250000615286,VINICIUS CAMARINHA,PSB,ELEITO 1T,65441,762561.47,1082837.2873999998,16.546771708867528,ESQUERDA,Deputado Estadual,2018,SP_ESTADO
250000615314,REINALDO ALGUZ,PV,ELEITO 1T,114352,322643.3,458153.486,4.006519221351616,CENTRO,Deputado Estadual,2018,SP_ESTADO
250000615320,CAMPOS MACHADO,PTB,ELEITO 1T,115580,984138.2,1397476.244,12.090986710503547,DIREITA,Deputado Estadual,2018,SP_ESTADO
250000615337,ROQUE BARBIERE - ROQUINHO,PTB,ELEITO 1T,70076,543161.75,771289.6849999999,11.006474185170386,DIREITA,Deputado Estadual,2018,SP_ESTADO
250000615363,FERNANDO CURY,PPS,ELEITO 1T,99815,494570.5,702290.11,7.035917547462806,DESCONHECIDO,Deputado Estadual,2018,SP_ESTADO
250000615370,ROBERTO MORAIS,PPS,ELEITO 1T,63447,351997.35,499836.23699999996,7.878012151874793,DESCONHECIDO,Deputado Estadual,2018,SP_ESTADO
250000615377,BARROS MUNHOZ,PSB,ELEITO 1T,87494,982300.0,1394866.0,15.94241890872517,ESQUERDA,Deputado Estadual,2018,SP_ESTADO
250000617697,MARINA HELOU,REDE,ELEITO 1T,39839,323465.75,459321.365,11.529440121488992,CENTRO,Deputado Estadual,2018,SP_ESTADO
250000619441,DELEGADA GRACIELA,PR,ELEITO 1T,63089,640706.78,909803.6276,14.420954962037756,DESCONHECIDO,Deputado Estadual,2018,SP_ESTADO
250000619454,ANDRÉ DO PRADO,PR,ELEITO 1T,123313,908600.0,1290212.0,10.462903343524202,DESCONHECIDO,Deputado Estadual,2018,SP_ESTADO
250000619460,DALBEN,PR,ELEITO 1T,79564,619274.03,879369.1226,11.052349336383289,DESCONHECIDO,Deputado Estadual,2018,SP_ESTADO
250000619478,MARCOS DAMASIO,PR,ELEITO 1T,81695,965275.5,1370691.21,16.778153008140034,DESCONHECIDO,Deputado Estadual,2018,SP_ESTADO
250000619483,THIAGO AURICCHIO,PR,ELEITO 1T,73435,513068.31,728557.0002,9.921113912984271,DESCONHECIDO,Deputado Estadual,2018,SP_ESTADO
250000619491,RICARDO MADALENA,PR,ELEITO 1T,77554,936888.02,1330380.9884,17.154253660675142,DESCONHECIDO,Deputado Estadual,2018,SP_ESTADO
250000623517,MARCIO NAKASHIMA,PDT,ELEITO 1T,38081,65459.57,92952.5894,2.4409177647645808,ESQUERDA,Deputado Estadual,2018,SP_ESTADO
250000623736,BRUNO GANEM,PODE,ELEITO 1T,106203,464105.0,659029.1,6.205371787990923,DIREITA,Deputado Estadual,2018,SP_ESTADO
250000623768,ATAIDE TERUEL,PODE,ELEITO 1T,58136,91220.65,129533.32299999999,2.228108624604376,DIREITA,Deputado Estadual,2018,SP_ESTADO
250000623781,MARCIO DA FARMACIA,PODE,ELEITO 1T,44969,191169.7,271460.974,6.036624652538415,DIREITA,Deputado Estadual,2018,SP_ESTADO
250000623803,APRÍGIO,PODE,ELEITO 1T,43320,527000.0,748340.0,17.274699907663898,DIREITA,Deputado Estadual,2018,SP_ESTADO
250000623999,DR. JORGE DO CARMO,PT,ELEITO 1T,61751,437935.69,621868.6797999999,10.070584764619195,ESQUERDA,Deputado Estadual,2018,SP_ESTADO
250000624009,EMIDIO DE SOUZA,PT,ELEITO 1T,65898,267956.29,380497.93179999996,5.774043700871043,ESQUERDA,Deputado Estadual,2018,SP_ESTADO
250000624011,ENIO TATTO,PT,ELEITO 1T,86744,412473.66,585712.5972,6.752197237849304,ESQUERDA,Deputado Estadual,2018,SP_ESTADO
250000624021,JOSE AMERICO,PT,ELEITO 1T,78326,124469.3,176746.406,2.2565483492071596,ESQUERDA,Deputado Estadual,2018,SP_ESTADO
250000624029,LUIZ FERNANDO,PT,ELEITO 1T,85271,495720.72,703923.4223999999,8.255132722731057,ESQUERDA,Deputado Estadual,2018,SP_ESTADO
250000624035,MARCIA LIA,PT,ELEITO 1T,63751,526142.5700000001,747122.4494,11.719384000250978,ESQUERDA,Deputado Estadual,2018,SP_ESTADO
250000624037,PROFESSORA BEBEL,PT,ELEITO 1T,87169,625675.45,888459.1389999999,10.192375030113915,ESQUERDA,Deputado Estadual,2018,SP_ESTADO
250000624038,MAURICI,PT,ELEITO 1T,74254,292186.61,414904.9862,5.587644924179169,ESQUERDA,Deputado Estadual,2018,SP_ESTADO
250000624048,PAULO FIORILO,PT,ELEITO 1T,80430,277871.18,394577.0756,4.905844530647768,ESQUERDA,Deputado Estadual,2018,SP_ESTADO
250000624061,BARBA,PT,ELEITO 1T,91394,404772.74,574777.2908,6.289004648007527,ESQUERDA,Deputado Estadual,2018,SP_ESTADO
250000625722,ÉRICA MALUNGUINHO DA SILVA,PSOL,ELEITO 1T,55223,23174.65,32908.003,0.5959111783133839,ESQUERDA,Deputado Estadual,2018,SP_ESTADO
250001597775,LEO SIQUEIRA,NOVO,ELEITO 1T,90688,519162.73,586653.8849,6.468925159888849,DIREITA,Deputado Estadual,2022,SP_ESTADO
250001602098,DANIEL SOARES,UNIÃO,ELEITO 1T,81753,916646.48,1035810.5223999999,12.67000015167639,DIREITA,Deputado Estadual,2022,SP_ESTADO
250001602101,RAFAEL SARAIVA,UNIÃO,ELEITO 1T,98070,847724.53,957928.7189,9.767805841745691,DIREITA,Deputado Estadual,2022,SP_ESTADO
250001602142,MILTON LEITE FILHO,UNIÃO,ELEITO 1T,198429,1205477.87,1362189.9931,6.864873547213361,DIREITA,Deputado Estadual,2022,SP_ESTADO
250001602151,EDMIR CHEDID,UNIÃO,ELEITO 1T,129097,966315.51,1091936.5262999998,8.45826414479035,DIREITA,Deputado Estadual,2022,SP_ESTADO
250001602160,FELIPE FRANCO,UNIÃO,ELEITO 1T,90440,758074.53,856624.2189,9.471740589341,DIREITA,Deputado Estadual,2022,SP_ESTADO
250001602162,SOLANGE FREITAS,UNIÃO,ELEITO 1T,81870,817994.03,924333.2538999999,11.290255941126174,DIREITA,Deputado Estadual,2022,SP_ESTADO
250001602177,GUTO ZACARIAS,UNIÃO,ELEITO 1T,152481,732981.28,828268.8463999999,5.431947891212675,DIREITA,Deputado Estadual,2022,SP_ESTADO
250001605001,MARTA COSTA,PSD,ELEITO 1T,170541,1028427.37,1162122.9281,6.814331615857769,DIREITA,Deputado Estadual,2022,SP_ESTADO
250001605013,OSEIAS DE MADUREIRA,PSD,ELEITO 1T,137205,520354.38,588000.4493999999,4.285561381873838,DIREITA,Deputado Estadual,2022,SP_ESTADO
250001605044,PAULO CORRÊA JR,PSD,ELEITO 1T,62239,710256.41,802589.7433,12.895286609682032,DIREITA,Deputado Estadual,2022,SP_ESTADO
250001605053,RAFAEL SILVA,PSD,ELEITO 1T,118182,887586.41,1002972.6433,8.486678540725322,DIREITA,Deputado Estadual,2022,SP_ESTADO
250001606292,ATILA JACOMUSSI,SOLIDARIEDADE,ELEITO 1T,58707,632555.4,714787.602,12.175508917164903,DIREITA,Deputado Estadual,2022,SP_ESTADO
250001609973,CARUSO,MDB,ELEITO 1T,82209,805486.0,910199.1799999999,11.071770487416218,DIREITA,Deputado Estadual,2022,SP_ESTADO
250001609993,ROGÉRIO SANTOS,MDB,ELEITO 1T,76602,535558.48,605181.0824,7.90033004882379,DIREITA,Deputado Estadual,2022,SP_ESTADO
250001610005,LEO OLIVEIRA,MDB,ELEITO 1T,82145,1068268.17,1207143.0320999997,14.695270948931764,DIREITA,Deputado Estadual,2022,SP_ESTADO
250001610018,ITAMAR BORGES,MDB,ELEITO 1T,183480,1248053.01,1410299.9012999998,7.686395799542184,DIREITA,Deputado Estadual,2022,SP_ESTADO
250001610109,GIL DINIZ,PL,ELEITO 1T,196215,516263.63,583377.9018999999,2.973156496190403,DIREITA,Deputado Estadual,2022,SP_ESTADO
250001610113,DANI ALONSO,PL,ELEITO 1T,80337,913720.99,1032504.7186999999,12.852169220906928,DIREITA,Deputado Estadual,2022,SP_ESTADO
250001610117,AGENTE FEDERAL DANILO BALAS,PL,ELEITO 1T,94552,687940.63,777372.9119,8.221644300490734,DIREITA,Deputado Estadual,2022,SP_ESTADO
250001610121,BRUNO ZAMBELLI,PL,ELEITO 1T,235305,116240.63,131351.9119,0.5582198079088843,DIREITA,Deputado Estadual,2022,SP_ESTADO
250001610124,LUCAS BOVE,PL,ELEITO 1T,130451,396631.41000000003,448193.4933,3.4357229404144083,DIREITA,Deputado Estadual,2022,SP_ESTADO
250001610126,PAULO MANSUR,PL,ELEITO 1T,86201,311509.63,352005.8819,4.083547544692057,DIREITA,Deputado Estadual,2022,SP_ESTADO
250001610129,ALEX DE MADUREIRA,PL,ELEITO 1T,74340,684092.8200000001,773024.8866,10.398505334947538,DIREITA,Deputado Estadual,2022,SP_ESTADO
250001610130,FABIANA B.,PL,ELEITO 1T,65497,1012965.13,1144650.5969,17.476382077041695,DIREITA,Deputado Estadual,2022,SP_ESTADO
250001610134,THIAGO AURICCHIO,PL,ELEITO 1T,123483,993281.26,1122407.8238,9.089573656292767,DIREITA,Deputado Estadual,2022,SP_ESTADO
250001610136,TENENTE COIMBRA,PL,ELEITO 1T,209705,512318.01,578919.3513,2.7606368531985406,DIREITA,Deputado Estadual,2022,SP_ESTADO
250001610138,RICARDO MADALENA,PL,ELEITO 1T,90630,951740.63,1075466.9119,11.866566389716429,DIREITA,Deputado Estadual,2022,SP_ESTADO
250001610140,RODRIGO MORAES,PL,ELEITO 1T,75094,536440.63,606177.9119,8.072254932484618,DIREITA,Deputado Estadual,2022,SP_ESTADO
250001610141,CAPITÃO CONTE LOPES,PL,ELEITO 1T,192454,526964.14,595469.4782,3.094087305018342,DIREITA,Deputado Estadual,2022,SP_ESTADO
250001610158,CARLOS CEZAR,PL,ELEITO 1T,180690,534371.63,603839.9419,3.3418558962864573,DIREITA,Deputado Estadual,2022,SP_ESTADO
250001610161,ANDRÉ DO PRADO,PL,ELEITO 1T,216268,753795.86,851789.3217999999,3.938582322858675,DIREITA,Deputado Estadual,2022,SP_ESTADO
250001610167,VALERIA BOLSONARO,PL,ELEITO 1T,131557,1064252.19,1202604.9747,9.141322580326397,DIREITA,Deputado Estadual,2022,SP_ESTADO
250001610181,MAJOR MECCA,PL,ELEITO 1T,224462,735240.63,830821.9119,3.7013922708520814,DIREITA,Deputado Estadual,2022,SP_ESTADO
250001610193,MARCOS DAMASIO,PL,ELEITO 1T,183219,982395.63,1110107.0618999999,6.058907983888133,DIREITA,Deputado Estadual,2022,SP_ESTADO
250001610201,DELEGADA GRACIELA,PL,ELEITO 1T,68955,1026862.19,1160354.2746999997,16.8277032078892,DIREITA,Deputado Estadual,2022,SP_ESTADO
250001610496,DR EDUARDO NÓBREGA,PODE,ELEITO 1T,53607,838120.0,947075.5999999999,17.667013636278842,DIREITA,Deputado Estadual,2022,SP_ESTADO
250001610498,GERSON PESSOA,PODE,ELEITO 1T,143704,1267131.58,1431858.6853999998,9.963944534598896,DIREITA,Deputado Estadual,2022,SP_ESTADO
250001610528,CLARICE GANEM,PODE,ELEITO 1T,59342,1250000.0,1412499.9999999998,23.802702975969797,DIREITA,Deputado Estadual,2022,SP_ESTADO
250001610539,RICARDO FRANÇA,PODE,ELEITO 1T,64175,360978.91000000003,407906.1683,6.356153771717959,DIREITA,Deputado Estadual,2022,SP_ESTADO
250001611431,ROGÉRIO NOGUEIRA,PSDB,ELEITO 1T,139756,946370.1599999999,1069398.2807999998,7.651895308967056,DIREITA,Deputado Estadual,2022,SP_ESTADO
250001611434,BARROS MUNHOZ,PSDB,ELEITO 1T,86372,1234833.3599999999,1395361.6967999998,16.15525513823924,DIREITA,Deputado Estadual,2022,SP_ESTADO
250001611436,DALBEN,CIDADANIA,ELEITO 1T,93397,981481.1,1109073.643,11.874831557758814,CENTRO,Deputado Estadual,2022,SP_ESTADO
250001611444,BRUNA FURLAN,PSDB,ELEITO 1T,195436,1359240.01,1535941.2112999998,7.859049567633393,DIREITA,Deputado Estadual,2022,SP_ESTADO
250001611446,CARLA MORANDO,PSDB,ELEITO 1T,177773,1158494.47,1309098.7510999998,7.363878379168939,DIREITA,Deputado Estadual,2022,SP_ESTADO
250001611452,ANALICE FERNANDES,PSDB,ELEITO 1T,90135,1239950.98,1401144.6073999999,15.544955981583179,DIREITA,Deputado Estadual,2022,SP_ESTADO
250001611455,VINICIUS CAMARINHA,PSDB,ELEITO 1T,123316,1124333.71,1270497.0923,10.302775733075999,DIREITA,Deputado Estadual,2022,SP_ESTADO
250001611460,RAFA ZIMBALDI,CIDADANIA,ELEITO 1T,76910,820430.0,927085.8999999999,12.054165908204393,CENTRO,Deputado Estadual,2022,SP_ESTADO
250001611484,MAURO BRAGATO,PSDB,ELEITO 1T,78142,1286179.81,1453383.1853,18.59925757339203,DIREITA,Deputado Estadual,2022,SP_ESTADO
250001611488,CARLÃO PIGNATARI,PSDB,ELEITO 1T,105245,1269590.9,1434637.7169999997,13.631409729678367,DIREITA,Deputado Estadual,2022,SP_ESTADO
250001611490,MARIA LUCIA AMARY,PSDB,ELEITO 1T,66956,1414532.0,1598421.16,23.872709839297446,DIREITA,Deputado Estadual,2022,SP_ESTADO
250001611505,ANA CAROLINA SERRA,CIDADANIA,ELEITO 1T,198698,1275652.0,1441486.7599999998,7.254661647324078,CENTRO,Deputado Estadual,2022,SP_ESTADO
250001611732,LUIZ CLAUDIO MARCOLINO,PT,ELEITO 1T,70487,1264168.59,1428510.5067,20.266297426475806,ESQUERDA,Deputado Estadual,2022,SP_ESTADO
250001611733,LUIZ FERNANDO,PT,ELEITO 1T,141017,861512.78,973509.4413999999,6.903489943765645,ESQUERDA,Deputado Estadual,2022,SP_ESTADO
250001611754,MAURICI,PT,ELEITO 1T,121455,407154.33999999997,460084.40419999993,3.788105917417973,ESQUERDA,Deputado Estadual,2022,SP_ESTADO
250001611758,REIS,PT,ELEITO 1T,108726,978934.23,1106195.6798999999,10.174159629711383,ESQUERDA,Deputado Estadual,2022,SP_ESTADO
250001611759,PAULO FIORILO,PT,ELEITO 1T,110251,993607.04,1122775.9552,10.183816520485074,ESQUERDA,Deputado Estadual,2022,SP_ESTADO
250001611768,BARBA,PT,ELEITO 1T,108071,902289.48,1019587.1123999999,9.434419154074634,ESQUERDA,Deputado Estadual,2022,SP_ESTADO
250001611769,THAINARA FARIA,PT,ELEITO 1T,91388,1421326.45,1606098.8885,17.57450527968661,ESQUERDA,Deputado Estadual,2022,SP_ESTADO
250001611773,DR. JORGE DO CARMO,PT,ELEITO 1T,82054,779711.4299999999,881073.9158999998,10.737732662636798,ESQUERDA,Deputado Estadual,2022,SP_ESTADO
250001611775,MARCIA LIA,PT,ELEITO 1T,108587,1268306.0,1433185.7799999998,13.198502398998036,ESQUERDA,Deputado Estadual,2022,SP_ESTADO
250001611791,DONATO,PT,ELEITO 1T,88022,735323.71,830915.7922999999,9.439864946263432,ESQUERDA,Deputado Estadual,2022,SP_ESTADO
250001611797,EDUARDO SUPLICY,PT,ELEITO 1T,807015,377135.09,426162.6517,0.5280727764663606,ESQUERDA,Deputado Estadual,2022,SP_ESTADO
250001611798,BETH SAHÃO,PT,ELEITO 1T,65407,687030.45,776344.4084999999,11.869439180821622,ESQUERDA,Deputado Estadual,2022,SP_ESTADO
250001611799,ENIO TATTO,PT,ELEITO 1T,142785,675019.25,762771.7525,5.342100028014147,ESQUERDA,Deputado Estadual,2022,SP_ESTADO
250001611800,PROFESSORA BEBEL,PT,ELEITO 1T,155983,1084638.6199999999,1225641.6405999998,7.857533453004493,ESQUERDA,Deputado Estadual,2022,SP_ESTADO
250001611805,RÔMULO FERNANDES,PT,ELEITO 1T,75033,934808.7999999999,1056333.944,14.078258153079311,ESQUERDA,Deputado Estadual,2022,SP_ESTADO
250001611809,ANA PERUGINI,PT,ELEITO 1T,79061,616107.22,696201.1585999998,8.805873421788238,ESQUERDA,Deputado Estadual,2022,SP_ESTADO
250001611811,EMÍDIO DE SOUZA,PT,ELEITO 1T,157834,1185754.59,1339902.6867,8.489315905951823,ESQUERDA,Deputado Estadual,2022,SP_ESTADO
250001611813,LECI BRANDÃO,PC do B,ELEITO 1T,90496,1124959.09,1271203.7717,14.047071381055515,ESQUERDA,Deputado Estadual,2022,SP_ESTADO
250001612252,CAPITÃO TELHADA,PP,ELEITO 1T,83438,615000.0,694949.9999999999,8.328938852800881,DIREITA,Deputado Estadual,2022,SP_ESTADO
250001612280,LETÍCIA AGUIAR,PP,ELEITO 1T,68556,1143347.92,1291983.1496,18.84566120543789,DIREITA,Deputado Estadual,2022,SP_ESTADO
250001612298,DELEGADO OLIM,PP,ELEITO 1T,201348,937269.26,1059114.2637999998,5.260118122851977,DIREITA,Deputado Estadual,2022,SP_ESTADO
250001619311,MARINA HELOU,REDE,ELEITO 1T,85517,1243267.0,1404891.71,16.4282155594794,CENTRO,Deputado Estadual,2022,SP_ESTADO
250001619320,CARLOS GIANNAZI,PSOL,ELEITO 1T,276811,762291.33,861389.2028999999,3.1118315489630106,ESQUERDA,Deputado Estadual,2022,SP_ESTADO
250001619328,PAULA DA BANCADA FEMINISTA,PSOL,ELEITO 1T,259771,723218.61,817237.0292999999,3.145990234860704,ESQUERDA,Deputado Estadual,2022,SP_ESTADO
250001619350,EDIANE MARIA,PSOL,ELEITO 1T,175617,642444.8300000001,725962.6579,4.133783505583172,ESQUERDA,Deputado Estadual,2022,SP_ESTADO
250001619379,MONICA DO MOVIMENTO PRETAS,PSOL,ELEITO 1T,106781,898668.5,1015495.4049999999,9.510075809366834,ESQUERDA,Deputado Estadual,2022,SP_ESTADO
250001619401,GUILHERME CORTEZ,PSOL,ELEITO 1T,45094,101284.08,114451.01039999998,2.5380540737126887,ESQUERDA,Deputado Estadual,2022,SP_ESTADO
250001620599,DR VALDOMIRO LOPES,PSB,ELEITO 1T,50824,801078.0,905218.1399999999,17.81084015425783,ESQUERDA,Deputado Estadual,2022,SP_ESTADO
250001620622,ANDRÉA WERNER,PSB,ELEITO 1T,88820,390328.28,441070.95639999997,4.965896829542896,ESQUERDA,Deputado Estadual,2022,SP_ESTADO
250001620641,CAIO FRANÇA,PSB,ELEITO 1T,105173,952471.36,1076292.6368,10.233545080961843,ESQUERDA,Deputado Estadual,2022,SP_ESTADO
250001620642,PROF. CAMILA GODOI,PSB,ELEITO 1T,48986,488974.52,552541.2076,11.27957391091332,ESQUERDA,Deputado Estadual,2022,SP_ESTADO
250001639542,JORGE WILSON XERIFE CONSUMIDOR,REPUBLICANOS,ELEITO 1T,177614,1273246.02,1438768.0025999998,8.100532630310672,DIREITA,Deputado Estadual,2022,SP_ESTADO
250001639551,VITÃO DO CACHORRÃO,REPUBLICANOS,ELEITO 1T,56729,221000.0,249729.99999999997,4.402157626610728,DIREITA,Deputado Estadual,2022,SP_ESTADO
250001639557,TOMÉ ABDUCH,REPUBLICANOS,ELEITO 1T,221656,382525.26,432253.5438,1.9501098269390407,DIREITA,Deputado Estadual,2022,SP_ESTADO
250001639568,GILMACI SANTOS,REPUBLICANOS,ELEITO 1T,96361,699668.8,790625.744,8.204831249156816,DIREITA,Deputado Estadual,2022,SP_ESTADO
250001639572,RUI ALVES,REPUBLICANOS,ELEITO 1T,91717,615225.2,695204.4759999999,7.579886782166882,DIREITA,Deputado Estadual,2022,SP_ESTADO
250001639573,SEBASTIÃO SANTOS,REPUBLICANOS,ELEITO 1T,104374,621456.1,702245.3929999999,6.728164035104527,DIREITA,Deputado Estadual,2022,SP_ESTADO
250001639574,EDNA MACEDO,REPUBLICANOS,ELEITO 1T,82932,1013970.8,1145787.004,13.815981816427916,DIREITA,Deputado Estadual,2022,SP_ESTADO
250001639600,ALTAIR MORAES,REPUBLICANOS,ELEITO 1T,98515,613426.9,693172.397,7.03621171395219,DIREITA,Deputado Estadual,2022,SP_ESTADO
250001643626,MARCIO NAKASHIMA,PDT,ELEITO 1T,85195,422257.87,477151.3930999999,5.600697143024824,ESQUERDA,Deputado Estadual,2022,SP_ESTADO
250001643762,HELINHO ZANATTA,PSC,ELEITO 1T,77550,488468.87,551969.8230999999,7.117599266279819,DIREITA,Deputado Estadual,2022,SP_ESTADO
250001643810,DR. ELTON,PSC,ELEITO 1T,46042,749850.0,847330.4999999999,18.40342513357369,DIREITA,Deputado Estadual,2022,SP_ESTADO
250000601477,IVAN VALENTE,PSOL,ELEITO 1T,155334,586837.81,833309.6902000001,5.364631633769813,ESQUERDA,Deputado Federal,2018,SP_ESTADO
250000601478,LUIZA ERUNDINA,PSOL,ELEITO 1T,176883,326733.33,463961.3286,2.6229842811349875,ESQUERDA,Deputado Federal,2018,SP_ESTADO
250000601643,SÂMIA BOMFIM,PSOL,ELEITO 1T,249887,369320.59,524435.2378,2.098689558880614,ESQUERDA,Deputado Federal,2018,SP_ESTADO
250000601946,ADRIANA VENTURA,NOVO,ELEITO 1T,64341,395075.22,561006.8123999999,8.719274061640322,DIREITA,Deputado Federal,2018,SP_ESTADO
250000601963,ALEXIS,NOVO,ELEITO 1T,45298,115308.32,163737.8144,3.6146808777429467,DIREITA,Deputado Federal,2018,SP_ESTADO
250000601982,VINICIUS POIT,NOVO,ELEITO 1T,207118,1283047.97,1821928.1173999999,8.796570637993801,DIREITA,Deputado Federal,2018,SP_ESTADO
250000604071,BALEIA ROSSI,MDB,ELEITO 1T,214042,1602000.0,2274840.0,10.62800758729595,DIREITA,Deputado Federal,2018,SP_ESTADO
250000604091,HERCULANO PASSOS,MDB,ELEITO 1T,49653,1509416.66,2143371.6572,43.16701220872857,DIREITA,Deputado Federal,2018,SP_ESTADO
250000604972,PAULINHO DA FORÇA,SOLIDARIEDADE,ELEITO 1T,75613,1007590.27,1430778.1834,18.92238349754672,DIREITA,Deputado Federal,2018,SP_ESTADO
250000605403,BRUNA FURLAN,PSDB,ELEITO 1T,126847,2507376.59,3560474.7578,28.06904978280921,DIREITA,Deputado Federal,2018,SP_ESTADO
250000605404,CARLOS SAMPAIO,PSDB,ELEITO 1T,125666,1818666.48,2582506.4016,20.55055784062515,DIREITA,Deputado Federal,2018,SP_ESTADO
250000605412,SAMUEL MOREIRA,PSDB,ELEITO 1T,103215,1656350.49,2352017.6958,22.78755700043598,DIREITA,Deputado Federal,2018,SP_ESTADO
250000605413,VITOR LIPPI,PSDB,ELEITO 1T,120529,1077228.0,1529663.76,12.691250736337313,DIREITA,Deputado Federal,2018,SP_ESTADO
250000605414,VANDERLEI MACRIS,PSDB,ELEITO 1T,102708,2217566.0,3148943.7199999997,30.65918643143669,DIREITA,Deputado Federal,2018,SP_ESTADO
250000605427,EDUARDO CURY,PSDB,ELEITO 1T,94282,842250.0,1195995.0,12.685295178294902,DIREITA,Deputado Federal,2018,SP_ESTADO
250000605451,FAUSTO PINATO,PP,ELEITO 1T,118684,1929824.92,2740351.3863999997,23.089476141687168,DIREITA,Deputado Federal,2018,SP_ESTADO
250000605452,TENENTE DERRITE,PP,ELEITO 1T,119034,842500.0,1196350.0,10.050489776030378,DIREITA,Deputado Federal,2018,SP_ESTADO
250000605453,GUILHERME MUSSI,PP,ELEITO 1T,134301,1773401.0,2518229.42,18.7506378954736,DIREITA,Deputado Federal,2018,SP_ESTADO
250000605455,RICARDO IZAR,PP,ELEITO 1T,121869,2288627.0,3249850.34,26.6667515118693,DIREITA,Deputado Federal,2018,SP_ESTADO
250000605456,ELI CORRÊA FILHO,DEM,ELEITO 1T,92257,927877.84,1317586.5328,14.28169713734459,DIREITA,Deputado Federal,2018,SP_ESTADO
250000605457,ALEXANDRE LEITE,DEM,ELEITO 1T,116416,1597273.7,2268128.6539999996,19.48296328683342,DIREITA,Deputado Federal,2018,SP_ESTADO
250000605458,DAVID SOARES,DEM,ELEITO 1T,99865,570561.0800000001,810196.7336,8.112919777699895,DIREITA,Deputado Federal,2018,SP_ESTADO
250000605462,GENINHO ZULIANI,DEM,ELEITO 1T,89378,1286479.4100000001,1826800.7622000002,20.439042742061808,DIREITA,Deputado Federal,2018,SP_ESTADO
250000605466,KIM KATAGUIRI,DEM,ELEITO 1T,465310,305495.99,433804.3058,0.9322909582858738,DIREITA,Deputado Federal,2018,SP_ESTADO
250000605472,CEZINHA DE MADUREIRA,PSD,ELEITO 1T,119024,1063247.69,1509811.7197999998,12.68493513745127,DIREITA,Deputado Federal,2018,SP_ESTADO
250000605485,MARCO BERTAIOLLI,PSD,ELEITO 1T,137628,1408948.26,2000706.5292,14.537060258087017,DIREITA,Deputado Federal,2018,SP_ESTADO
250000606218,ROBERTO ALVES,PRB,ELEITO 1T,82097,1297210.8599999999,1842039.4211999997,22.43735363289767,DESCONHECIDO,Deputado Federal,2018,SP_ESTADO
250000606220,CELSO RUSSOMANNO,PRB,ELEITO 1T,521728,2157533.84,3063698.0527999997,5.872213208415112,DESCONHECIDO,Deputado Federal,2018,SP_ESTADO
250000606247,MARCOS PEREIRA,PRB,ELEITO 1T,139165,2496213.48,3544623.1415999997,25.470650965400782,DESCONHECIDO,Deputado Federal,2018,SP_ESTADO
250000606253,MILTON VIEIRA,PRB,ELEITO 1T,77413,1319885.8599999999,1874237.9211999997,24.210893793032174,DESCONHECIDO,Deputado Federal,2018,SP_ESTADO
250000606270,VINICIUS CARVALHO,PRB,ELEITO 1T,97862,1243290.5,1765472.51,18.040429482332264,DESCONHECIDO,Deputado Federal,2018,SP_ESTADO
250000606294,MARIA ROSAS,PRB,ELEITO 1T,71745,2423442.36,3441288.1511999997,47.96554674472088,DESCONHECIDO,Deputado Federal,2018,SP_ESTADO
250000611282,ENRICO MISASI,PV,ELEITO 1T,108038,383422.02,544459.2684,5.039516359058849,CENTRO,Deputado Federal,2018,SP_ESTADO
250000613292,JUNIOR BOZZELLA,PSL,ELEITO 1T,78712,392500.0,557350.0,7.080877121658705,DIREITA,Deputado Federal,2018,SP_ESTADO
250000613295,CARLA ZAMBELLI,PSL,ELEITO 1T,76306,517468.61,734805.4262,9.629720155688936,DIREITA,Deputado Federal,2018,SP_ESTADO
250000613299,GUIGA PEIXOTO,PSL,ELEITO 1T,31718,137984.32,195937.7344,6.177493360237089,DIREITA,Deputado Federal,2018,SP_ESTADO
250000613300,ABOU ANNI,PSL,ELEITO 1T,69256,447044.57,634803.2894,9.16604033441146,DIREITA,Deputado Federal,2018,SP_ESTADO
250000613307,GENERAL PETERNELLI,PSL,ELEITO 1T,74190,52562.88,74639.28959999999,1.006055932066316,DIREITA,Deputado Federal,2018,SP_ESTADO
250000613358,ALEXANDRE FROTA,PSL,ELEITO 1T,155522,24758.29,35156.7718,0.22605658234847803,DIREITA,Deputado Federal,2018,SP_ESTADO
250000613378,EDUARDO BOLSONARO,PSL,ELEITO 1T,1843735,218330.58000000002,310029.4236,0.1681529198068052,DIREITA,Deputado Federal,2018,SP_ESTADO
250000613393,LUIZ PHILIPPE O. BRAGANÇA,PSL,ELEITO 1T,118457,196625.24,279207.84079999995,2.3570396076213305,DIREITA,Deputado Federal,2018,SP_ESTADO
250000613447,CORONEL TADEU,PSL,ELEITO 1T,98373,70515.23999999999,100131.64079999998,1.017877271202464,DIREITA,Deputado Federal,2018,SP_ESTADO
250000613451,JOICE HASSELMANN,PSL,ELEITO 1T,1078666,262592.32,372881.0944,0.34568726037531544,DIREITA,Deputado Federal,2018,SP_ESTADO
250000613702,RENATA ABREU,PODE,ELEITO 1T,161239,2030159.55,2882826.5609999998,17.879213844045175,DIREITA,Deputado Federal,2018,SP_ESTADO
250000613714,PASTOR MARCO FELICIANO,PODE,ELEITO 1T,239784,1289772.55,1831477.021,7.638028479798485,DIREITA,Deputado Federal,2018,SP_ESTADO
250000613788,ROBERTO DE LUCENA,PODE,ELEITO 1T,56033,1244938.0,1767811.96,31.549479056984275,DIREITA,Deputado Federal,2018,SP_ESTADO
250000615158,PROFESSOR LUIZ FLAVIO GOMES,PSB,ELEITO 1T,86433,1602528.24,2275590.1007999997,26.327792634757554,ESQUERDA,Deputado Federal,2018,SP_ESTADO
250000615162,RODRIGO AGOSTINHO,PSB,ELEITO 1T,100179,247357.08000000002,351247.0536,3.5061944479381904,ESQUERDA,Deputado Federal,2018,SP_ESTADO
250000615171,JEFFERSON CAMPOS,PSB,ELEITO 1T,99974,1342596.0,1906486.3199999998,19.069821353551923,ESQUERDA,Deputado Federal,2018,SP_ESTADO
250000615186,ROSANA VALLE,PSB,ELEITO 1T,106100,377148.25,535550.515,5.047601460885957,ESQUERDA,Deputado Federal,2018,SP_ESTADO
250000615219,GILBERTO NASCIMENTO,PSC,ELEITO 1T,91797,1291060.71,1833306.2081999998,19.971308519886268,DIREITA,Deputado Federal,2018,SP_ESTADO
250000615221,ALEX MANENTE,PPS,ELEITO 1T,127366,1370803.11,1946540.4162,15.283045837978738,DESCONHECIDO,Deputado Federal,2018,SP_ESTADO
250000615223,ARNALDO JARDIM,PPS,ELEITO 1T,132363,2297998.1,3263157.302,24.653092646736628,DESCONHECIDO,Deputado Federal,2018,SP_ESTADO
250000619412,PAULO FREIRE COSTA,PR,ELEITO 1T,109461,2094265.71,2973857.3082,27.168190571984542,DESCONHECIDO,Deputado Federal,2018,SP_ESTADO
250000619428,POLICIAL KATIA SASTRE,PR,ELEITO 1T,264013,1104000.0,1567680.0,5.93788942211179,DESCONHECIDO,Deputado Federal,2018,SP_ESTADO
250000619447,CAPITÃO AUGUSTO,PR,ELEITO 1T,242327,2192352.75,3113140.905,12.846859429613703,DESCONHECIDO,Deputado Federal,2018,SP_ESTADO
250000619485,MIGUEL LOMBARDI,PR,ELEITO 1T,93093,1986673.75,2821076.7249999996,30.303854478854475,DESCONHECIDO,Deputado Federal,2018,SP_ESTADO
250000619487,LUIZ CARLOS MOTTA,PR,ELEITO 1T,75218,1839505.0,2612097.1,34.727021457629824,DESCONHECIDO,Deputado Federal,2018,SP_ESTADO
250000619488,MARCIO ALVINO,PR,ELEITO 1T,135844,958868.2,1361592.8439999998,10.02320929890168,DESCONHECIDO,Deputado Federal,2018,SP_ESTADO
250000619516,TIRIRICA,PR,ELEITO 1T,453855,1203200.0,1708544.0,3.764515098434522,DESCONHECIDO,Deputado Federal,2018,SP_ESTADO
250000623480,TABATA AMARAL,PDT,ELEITO 1T,264450,1290696.6,1832789.172,6.930569756097561,ESQUERDA,Deputado Federal,2018,SP_ESTADO
250000623890,ORLANDO SILVA,PC do B,ELEITO 1T,64822,1412808.08,2006187.4736,30.949175798340068,ESQUERDA,Deputado Federal,2018,SP_ESTADO
250000623892,ALEXANDRE PADILHA,PT,ELEITO 1T,87576,1036531.23,1471874.3465999998,16.806823177582896,ESQUERDA,Deputado Federal,2018,SP_ESTADO
250000623894,ARLINDO CHINAGLIA,PT,ELEITO 1T,87449,1743619.08,2475939.0936,28.312949188669965,ESQUERDA,Deputado Federal,2018,SP_ESTADO
250000623897,CARLOS ZARATTINI,PT,ELEITO 1T,137909,1382109.93,1962596.1005999998,14.2310951467997,ESQUERDA,Deputado Federal,2018,SP_ESTADO
250000623915,PAULO TEIXEIRA,PT,ELEITO 1T,78512,1783998.52,2533277.8984,32.26612362950886,ESQUERDA,Deputado Federal,2018,SP_ESTADO
250000623925,VICENTINHO,PT,ELEITO 1T,70645,940827.67,1335975.2914,18.91110894472362,ESQUERDA,Deputado Federal,2018,SP_ESTADO
250000623927,ALENCAR SANTANA,PT,ELEITO 1T,67892,684428.12,971887.9304,14.315205479290638,ESQUERDA,Deputado Federal,2018,SP_ESTADO
250000623958,NILTO TATTO,PT,ELEITO 1T,124281,1304856.12,1852895.6904,14.908921640476018,ESQUERDA,Deputado Federal,2018,SP_ESTADO
250000623968,RUI FALCÃO,PT,ELEITO 1T,158389,1066491.93,1514418.5405999997,9.561387095063418,ESQUERDA,Deputado Federal,2018,SP_ESTADO
250001597671,ADRIANA VENTURA,NOVO,ELEITO 1T,109474,1035848.51,1170508.8162999998,10.692116998556733,DIREITA,Deputado Federal,2022,SP_ESTADO
250001602030,ROSÂNGELA MORO,UNIÃO,ELEITO 1T,217170,2869128.9699999997,3242115.7360999994,14.928930036837498,DIREITA,Deputado Federal,2022,SP_ESTADO
250001602036,ALEXANDRE LEITE,UNIÃO,ELEITO 1T,192806,2807933.91,3172965.3183,16.45677685497339,DIREITA,Deputado Federal,2022,SP_ESTADO
250001602037,FELIPE BECARI,UNIÃO,ELEITO 1T,178777,2930124.5300000003,3311040.7189,18.52050721793072,DIREITA,Deputado Federal,2022,SP_ESTADO
250001602048,KIM KATAGUIRI,UNIÃO,ELEITO 1T,295460,1625249.99,1836532.4886999999,6.215841361605632,DIREITA,Deputado Federal,2022,SP_ESTADO
250001602056,DAVID SOARES,UNIÃO,ELEITO 1T,93831,2557004.01,2889414.5312999994,30.79381581033986,DIREITA,Deputado Federal,2022,SP_ESTADO
250001602079,MARANGONI,UNIÃO,ELEITO 1T,89390,2876708.34,3250680.4241999993,36.36514626020807,DIREITA,Deputado Federal,2022,SP_ESTADO
250001604939,MARCO BERTAIOLLI,PSD,ELEITO 1T,157552,2364056.41,2671383.7432999997,16.955568595130494,DIREITA,Deputado Federal,2022,SP_ESTADO
250001604948,CEZINHA DE MADUREIRA,PSD,ELEITO 1T,143434,1642289.11,1855786.6942999999,12.938262157507982,DIREITA,Deputado Federal,2022,SP_ESTADO
250001604967,RICARDO SILVA,PSD,ELEITO 1T,133936,1674543.8599999999,1892234.5617999996,14.127901100525621,DIREITA,Deputado Federal,2022,SP_ESTADO
250001606067,MARCELO LIMA,SOLIDARIEDADE,ELEITO 1T,110430,2211860.4,2499402.252,22.633362781852757,DIREITA,Deputado Federal,2022,SP_ESTADO
250001610258,RENATA ABREU,PODE,ELEITO 1T,180247,3313917.4,3744726.6619999995,20.775528369404203,DIREITA,Deputado Federal,2022,SP_ESTADO
250001610270,BRUNO GANEM,PODE,ELEITO 1T,141595,800000.0,903999.9999999999,6.384406229033511,DIREITA,Deputado Federal,2022,SP_ESTADO
250001610316,RODRIGO GAMBALE,PODE,ELEITO 1T,108209,1800000.0,2033999.9999999998,18.7969577391899,DIREITA,Deputado Federal,2022,SP_ESTADO
250001610654,JILMAR TATTO,PT,ELEITO 1T,157843,1999707.8800000001,2259669.9044,14.315933582103735,ESQUERDA,Deputado Federal,2022,SP_ESTADO
250001610663,ALENCAR SANTANA,PT,ELEITO 1T,139223,1859272.53,2100977.9589,15.090739022287984,ESQUERDA,Deputado Federal,2022,SP_ESTADO
250001610668,PAULO TEIXEIRA,PT,ELEITO 1T,122800,3281293.48,3707861.6323999995,30.194312967426708,ESQUERDA,Deputado Federal,2022,SP_ESTADO
250001610672,RUI FALCÃO,PT,ELEITO 1T,193990,1995636.48,2255069.2224,11.62466736635909,ESQUERDA,Deputado Federal,2022,SP_ESTADO
250001610673,JULIANA CARDOSO,PT,ELEITO 1T,125517,2641213.94,2984571.7521999995,23.778227269612877,ESQUERDA,Deputado Federal,2022,SP_ESTADO
250001610674,CARLOS ZARATTINI,PT,ELEITO 1T,147349,2202254.05,2488547.0764999995,16.888795149610786,ESQUERDA,Deputado Federal,2022,SP_ESTADO
250001610678,LUIZ MARINHO,PT,ELEITO 1T,156202,1872305.48,2115705.1923999996,13.544674155260493,ESQUERDA,Deputado Federal,2022,SP_ESTADO
250001610688,NILTO TATTO,PT,ELEITO 1T,151861,1835453.14,2074062.0481999996,13.65763460137889,ESQUERDA,Deputado Federal,2022,SP_ESTADO
250001610705,KIKO CELEGUIM,PT,ELEITO 1T,167438,1708637.92,1930760.8495999998,11.531198709970257,ESQUERDA,Deputado Federal,2022,SP_ESTADO
250001610710,ALEXANDRE PADILHA,PT,ELEITO 1T,140037,2198002.2800000003,2483742.5764,17.73633094396481,ESQUERDA,Deputado Federal,2022,SP_ESTADO
250001610712,ARLINDO CHINAGLIA,PT,ELEITO 1T,144108,2223367.16,2512404.8907999997,17.434180550698084,ESQUERDA,Deputado Federal,2022,SP_ESTADO
250001611227,DELEGADO PALUMBO,MDB,ELEITO 1T,254898,585331.0,661424.0299999999,2.594857668557619,DIREITA,Deputado Federal,2022,SP_ESTADO
250001611242,SIMONE MARQUETTO,MDB,ELEITO 1T,97730,1103000.0,1246389.9999999998,12.753402230635421,DIREITA,Deputado Federal,2022,SP_ESTADO
250001611244,ALBERTO MOURÃO,MDB,ELEITO 1T,114234,2833184.0,3201497.92,28.02578846928235,DIREITA,Deputado Federal,2022,SP_ESTADO
250001611251,BALEIA ROSSI,MDB,ELEITO 1T,236463,2933000.0,3314289.9999999995,14.016103999357192,DIREITA,Deputado Federal,2022,SP_ESTADO
250001611254,FABIO TERUEL,MDB,ELEITO 1T,235165,1000000.0,1130000.0,4.805136818829332,DIREITA,Deputado Federal,2022,SP_ESTADO
250001611311,ROSANA VALLE,PL,ELEITO 1T,216437,3043728.88,3439413.6343999994,15.891061299130921,DIREITA,Deputado Federal,2022,SP_ESTADO
250001611315,RICARDO SALLES,PL,ELEITO 1T,640918,2401140.63,2713288.9118999997,4.2334415820744615,DIREITA,Deputado Federal,2022,SP_ESTADO
250001611321,TIRIRICA,PL,ELEITO 1T,71754,600000.0,677999.9999999999,9.44895058115227,DIREITA,Deputado Federal,2022,SP_ESTADO
250001611324,MARIO FRIAS,PL,ELEITO 1T,122564,770214.09,870341.9216999998,7.1011220399138395,DIREITA,Deputado Federal,2022,SP_ESTADO
250001611327,DELEGADO PAULO BILYNSKYJ,PL,ELEITO 1T,72156,221147.64,249896.8332,3.4632855646100116,DIREITA,Deputado Federal,2022,SP_ESTADO
250001611329,JEFFERSON CAMPOS,PL,ELEITO 1T,155336,724982.13,819229.8069,5.273921092985528,DIREITA,Deputado Federal,2022,SP_ESTADO
250001611333,LUIZ PHILIPPE DE O BRAGANÇA,PL,ELEITO 1T,79210,409860.63,463142.5119,5.847020728443378,DIREITA,Deputado Federal,2022,SP_ESTADO
250001611335,PASTOR MARCO FELICIANO,PL,ELEITO 1T,220595,2016070.63,2278159.8118999996,10.327341108819327,DIREITA,Deputado Federal,2022,SP_ESTADO
250001611336,MARCIO ALVINO,PL,ELEITO 1T,187314,966020.63,1091603.3118999999,5.827665374184524,DIREITA,Deputado Federal,2022,SP_ESTADO
250001611345,MOTTA,PL,ELEITO 1T,104701,1093496.39,1235650.9206999997,11.801710783087074,DIREITA,Deputado Federal,2022,SP_ESTADO
250001611351,PAULO FREIRE DA COSTA,PL,ELEITO 1T,161675,505240.63,570921.9119,3.531293718261945,DIREITA,Deputado Federal,2022,SP_ESTADO
250001611357,CAPITÃO AUGUSTO,PL,ELEITO 1T,168740,881700.62,996321.7005999999,5.904478491169846,DIREITA,Deputado Federal,2022,SP_ESTADO
250001611359,CAPITÃO DERRITE,PL,ELEITO 1T,239772,2356995.63,2663405.0618999996,11.108073761323256,DIREITA,Deputado Federal,2022,SP_ESTADO
250001611362,ANTONIO CARLOS RODRIGUES,PL,ELEITO 1T,73054,1035345.04,1169939.8952,16.01472739617269,DIREITA,Deputado Federal,2022,SP_ESTADO
250001611365,CARLA ZAMBELLI,PL,ELEITO 1T,946244,2146899.69,2425996.6496999995,2.563817207506731,DIREITA,Deputado Federal,2022,SP_ESTADO
250001611371,MIGUEL LOMBARDI,PL,ELEITO 1T,107869,1202990.63,1359379.4118999997,12.602132326247576,DIREITA,Deputado Federal,2022,SP_ESTADO
250001611374,EDUARDO BOLSONARO,PL,ELEITO 1T,741701,807241.63,912183.0419,1.229852786904696,DIREITA,Deputado Federal,2022,SP_ESTADO
250001611846,MARIA ROSAS,REPUBLICANOS,ELEITO 1T,94787,2899335.6,3276249.2279999997,34.56433084705708,DIREITA,Deputado Federal,2022,SP_ESTADO
250001611851,VINICIUS CARVALHO,REPUBLICANOS,ELEITO 1T,113009,1627135.0,1838662.5499999998,16.270054154978805,DIREITA,Deputado Federal,2022,SP_ESTADO
250001611863,MARCOS PEREIRA,REPUBLICANOS,ELEITO 1T,231626,3093528.55,3495687.2614999996,15.091946765475376,DIREITA,Deputado Federal,2022,SP_ESTADO
250001611872,MILTON VIEIRA,REPUBLICANOS,ELEITO 1T,98557,1075001.21,1214751.3672999998,12.325368743975565,DIREITA,Deputado Federal,2022,SP_ESTADO
250001611882,CELSO RUSSOMANNO,REPUBLICANOS,ELEITO 1T,305520,2725834.0,3080192.42,10.081802893427598,DIREITA,Deputado Federal,2022,SP_ESTADO
250001611957,FAUSTO PINATO,PP,ELEITO 1T,72169,2530515.27,2859482.2550999997,39.62202961243747,DIREITA,Deputado Federal,2022,SP_ESTADO
250001611973,DELEGADO BRUNO LIMA,PP,ELEITO 1T,461217,2814000.0,3179819.9999999995,6.894411957928696,DIREITA,Deputado Federal,2022,SP_ESTADO
250001611974,DELEGADO DA CUNHA,PP,ELEITO 1T,181568,2328348.0,2631033.2399999998,14.49062191575608,DIREITA,Deputado Federal,2022,SP_ESTADO
250001611990,MAURICIO NEVES,PP,ELEITO 1T,129731,2790016.95,3152719.1535,24.301972184751524,DIREITA,Deputado Federal,2022,SP_ESTADO
250001612092,PAULO ALEXANDRE BARBOSA,PSDB,ELEITO 1T,170378,3188141.6,3602600.008,21.144748782119756,DIREITA,Deputado Federal,2022,SP_ESTADO
250001612095,VITOR LIPPI,PSDB,ELEITO 1T,106661,2782433.36,3144149.6967999996,29.47796942462568,DIREITA,Deputado Federal,2022,SP_ESTADO
250001612102,ARNALDO JARDIM,CIDADANIA,ELEITO 1T,113462,3789999.99,4282699.9887,37.745676867144944,CENTRO,Deputado Federal,2022,SP_ESTADO
250001612116,CARLOS SAMPAIO,PSDB,ELEITO 1T,98102,2471662.21,2792978.2972999997,28.470146350736986,DIREITA,Deputado Federal,2022,SP_ESTADO
250001612129,ALEX MANENTE,CIDADANIA,ELEITO 1T,196866,3107760.02,3511768.8225999996,17.83837139272398,CENTRO,Deputado Federal,2022,SP_ESTADO
250001613761,GUILHERME BOULOS,PSOL,ELEITO 1T,1001472,2829243.2199999997,3197044.8385999994,3.192345705721178,ESQUERDA,Deputado Federal,2022,SP_ESTADO
250001613762,SÂMIA BOMFIM,PSOL,ELEITO 1T,226187,2013710.6600000001,2275493.0458,10.06022912811081,ESQUERDA,Deputado Federal,2022,SP_ESTADO
250001613792,SÔNIA GUAJAJARA,PSOL,ELEITO 1T,156966,1340644.05,1514927.7765,9.651311599327242,ESQUERDA,Deputado Federal,2022,SP_ESTADO
250001613809,LUIZA ERUNDINA,PSOL,ELEITO 1T,113983,1945593.57,2198520.7341,19.288145899827168,ESQUERDA,Deputado Federal,2022,SP_ESTADO
250001613814,ERIKA HILTON,PSOL,ELEITO 1T,256903,1520936.5899999999,1718658.3466999996,6.689911549106082,ESQUERDA,Deputado Federal,2022,SP_ESTADO
250001613818,MARINA SILVA,REDE,ELEITO 1T,237526,2923182.52,3303196.2476,13.90667231208373,CENTRO,Deputado Federal,2022,SP_ESTADO
250001620281,TABATA AMARAL,PSB,ELEITO 1T,337873,2339466.37,2643596.9981,7.824232768229483,ESQUERDA,Deputado Federal,2022,SP_ESTADO
250001620296,JONAS DONIZETTE,PSB,ELEITO 1T,84044,3147286.96,3556434.2647999995,42.31633745181095,ESQUERDA,Deputado Federal,2022,SP_ESTADO
250001643871,GILBERTO NASCIMENTO,PSC,ELEITO 1T,95077,1452700.0,1641550.9999999998,17.26549007646434,DIREITA,Deputado Federal,2022,SP_ESTADO
250000612593,MARA GABRILLI,PSDB,ELEITO 1T,6513282,5327773.62,7565438.540399999,1.1615401483307493,DIREITA,Senador,2018,SP_ESTADO
250000615466,MAJOR OLIMPIO,PSL,ELEITO 1T,9039717,380323.96,540060.0232,0.059743023282697906,DIREITA,Senador,2018,SP_ESTADO
250001612472,ASTRONAUTA MARCOS PONTES,PL,ELEITO 1T,10714913,4837322.8,5466174.7639999995,0.5101464439328625,DIREITA,Senador,2022,SP_ESTADO
250000612596,JOÃO DORIA,PSDB,ELEITO 2T,6431555,18716604.0,26577577.68,4.1323719815814375,DIREITA,Governador,2018,SP_ESTADO
250001615967,TARCÍSIO,REPUBLICANOS,ELEITO 2T,9881995,38608188.69,43627253.219699994,4.414822434103639,DIREITA,Governador,2022,SP_ESTADO
