sq_candidato,nome,partido,votos,ano,receita_total,receita_2024,custo_por_voto,bloco
250000002231,DALTON SILVANO,PV,39304,2012,778807.6,1612131.7319999998,41.016988906981474,CENTRO
250000002245,GILBERTO NATALINI,PV,26806,2012,468426.6,969643.0619999999,36.17261292248004,CENTRO
250000002260,TRIPOLI,PV,132313,2012,1054627.35,2183078.6145,16.4993508914468,CENTRO
250000002290,RICARDO TEIXEIRA,PV,30698,2012,487683.6,1009505.0519999999,32.88504306469476,CENTRO
250000002366,LAÉRCIO BENKO,PHS,17918,2012,562541.05,1164459.9735,64.98827846299811,DESCONHECIDO
250000007992,GEORGE HATO,PMDB,24611,2012,330482.28,684098.3196,27.796445475600343,DESCONHECIDO
250000008029,NELO RODOLFO,PMDB,18219,2012,362286.86,749933.8001999999,41.162182348098135,DESCONHECIDO
250000008046,RICARDO NUNES,PMDB,30747,2012,904681.86,1872691.4501999998,60.906477061176695,DESCONHECIDO
250000008053,DR. CALVO,PMDB,24282,2012,304569.56,630458.9892,25.96404699777613,DESCONHECIDO
250000010928,ARI FRIEDENBACH,PPS,22597,2012,67600.0,139932.0,6.192503429658804,DESCONHECIDO
250000011002,RICARDO YOUNG,PPS,42098,2012,299536.33,620040.2031,14.72849548909687,DESCONHECIDO
250000012971,NETINHO DE PAULA,PC do B,50698,2012,1280454.0,2650539.78,52.280953489289516,ESQUERDA
250000018949,TONINHO VESPOLI,PSOL,8722,2012,6568.67,13597.1469,1.5589482802109607,ESQUERDA
250000039049,ADILSON AMADEU,PTB,40100,2012,806791.24,1670057.8668,41.64732834912718,DIREITA
250000039058,ATILIO FRANCISCO,PRB,32513,2012,163153.01,337726.7307,10.387436739150495,DESCONHECIDO
250000039064,CELSO JATENE,PTB,52099,2012,686493.67,1421041.8969,27.27579985988215,DIREITA
250000039088,JEAN MADEIRA,PRB,35036,2012,156058.35,323040.7845,9.220253011188491,DESCONHECIDO
250000039132,PAULO FRANGE,PTB,30891,2012,583126.24,1207071.3168,39.0751777799359,DIREITA
250000039139,CONTE LOPES,PTB,31947,2012,191651.21,396718.00469999993,12.41800496760259,DIREITA
250000049333,ANDREA MATARAZZO,PSDB,117617,2012,2466784.47,5106243.8529,43.414165068825085,DIREITA
250000049337,ANTONIO CARLOS RODRIGUES,PR,67161,2012,1454741.0,3011313.8699999996,44.83723991602269,DESCONHECIDO
250000049338,TONINHO PAIVA,PR,48613,2012,395198.0,818059.86,16.82800608890626,DESCONHECIDO
250000049340,FLORIANO PESARO,PSDB,37780,2012,1195614.18,2474921.3526,65.50877058231869,DIREITA
250000049341,GOULART,PSD,104301,2012,716842.69,1483864.3682999997,14.226751117438948,DIREITA
250000049343,AURELIO MIGUEL,PR,32520,2012,550470.0,1139472.9,35.03914206642066,DESCONHECIDO
250000049344,AURÉLIO NOMURA,PSDB,29236,2012,463016.08,958443.2856,32.78298281570666,DIREITA
250000049345,CLAUDINHO,PSDB,37441,2012,321520.08,665546.5656,17.77587579391576,DIREITA
250000049349,DAVID SOARES,PSD,32081,2012,436953.82999999996,904494.4280999998,28.194084601477503,DIREITA
250000049355,EDIR SALES,PSD,34476,2012,1249892.68,2587277.8475999995,75.04576655064392,DIREITA
250000049356,EDUARDO TUMA,PSDB,28756,2012,260325.08,538872.9156,18.739494908888577,DIREITA
250000049368,GILSON BARRETO,PSDB,31995,2012,414350.88,857706.3215999999,26.80751122362869,DIREITA
250000049381,POLICE NETO - VEREADOR NETINHO,PSD,28278,2012,2447889.68,5067131.6376,179.18988746021643,DIREITA
250000049388,SOUZA SANTOS,PSD,39658,2012,430370.0,890865.8999999999,22.463712239648995,DIREITA
250000049397,MARCO AURELIO CUNHA,PSD,40130,2012,603758.5700000001,1249780.2399,31.14329030401196,DIREITA
250000049405,MARIO COVAS NETO,PSDB,60697,2012,698730.07,1446371.2448999998,23.8293695718075,DIREITA
250000049407,MARTA COSTA,PSD,32914,2012,498532.18,1031961.6125999999,31.353272546636685,DIREITA
250000049409,MILTON LEITE,DEM,101664,2012,3330419.63,6893968.634099999,67.81130620573654,DIREITA
250000049418,PATRICIA BEZERRA,PSDB,34511,2012,408721.88,846054.2916,24.515496264958998,DIREITA
250000049420,CORONEL TELHADA,PSDB,89053,2012,189293.08000000002,391836.6756,4.400039028443736,DIREITA
250000049429,SANDRA TADEU,DEM,45770,2012,1970744.71,4079441.5496999994,89.12915773869345,DIREITA
250000081974,ALFREDINHO,PT,36634,2012,1632274.95,3378809.1465,92.23151025004094,ESQUERDA
250000081977,DONATO,PT,47039,2012,1864037.54,3858557.7078,82.02890596738877,ESQUERDA
250000081980,ARSELINO TATTO,PT,32135,2012,909887.54,1883467.2078,58.61108473004512,ESQUERDA
250000081987,PASTOR EDEMILSON CHAVES,PP,45858,2012,48170.86,99713.68019999999,2.174400981290069,DIREITA
250000081993,ELISEU GABRIEL,PSB,53634,2012,733854.89,1519079.6223,28.3230716019689,ESQUERDA
250000082007,JAIR TATTO,PT,31685,2012,1033676.37,2139710.0859,67.53069546788701,ESQUERDA
250000082015,JOSÉ AMÉRICO,PT,34291,2012,1356549.71,2808057.8996999995,81.88906417718934,ESQUERDA
250000082024,JULIANA CARDOSO,PT,46757,2012,717917.54,1486089.3078,31.78324759501251,ESQUERDA
250000082045,OTA,PSB,62693,2012,280218.19,580051.6533,9.252255487853509,ESQUERDA
250000082047,NABIL BONDUKI,PT,42411,2012,1586718.04,3284506.3427999998,77.44468045554218,ESQUERDA
250000082050,NOEMI NONATO,PSB,35601,2012,548561.0,1135521.27,31.895768939074745,ESQUERDA
250000082052,REIS,PT,28627,2012,1677200.54,3471805.1177999997,121.27729478464386,ESQUERDA
250000082055,PAULO FIORILO,PT,27805,2012,1561119.28,3231516.9096,116.22071244740154,ESQUERDA
250000082067,SENIVAL MOURA,PT,46524,2012,547033.8,1132359.966,24.339265024503483,ESQUERDA
250000082073,VAVA DOS TRANSPORTES,PT,29242,2012,194655.54,402936.9678,13.77939155324533,ESQUERDA
250000004979,ADRIANA RAMALHO,PSDB,29756,2016,404606.05,615001.196,20.668140744723754,DIREITA
250000004981,ALINE CARDOSO,PSDB,25769,2016,658095.72,1000305.4944,38.818172781248784,DIREITA
250000004982,AURÉLIO NOMURA,PSDB,41954,2016,346302.22,526379.3744,12.546583744100682,DIREITA
250000004984,FABIO RIVA,PSDB,28041,2016,103038.42,156618.3984,5.585335701294533,DIREITA
250000004986,PATRICIA BEZERRA,PSDB,45285,2016,373689.54,568008.1008,12.542963471348129,DIREITA
250000004987,CLAUDINHO DE SOUZA,PSDB,24923,2016,325740.0,495124.8,19.866179833888374,DIREITA
250000004989,MARIO COVAS NETO,PSDB,75593,2016,440140.75,669013.9400000001,8.85021020464858,DIREITA
250000004992,EDUARDO TUMA,PSDB,70273,2016,1078024.55,1638597.316,23.317594467291848,DIREITA
250000004997,JOÃO JORGE,PSDB,42404,2016,339344.64,515803.85280000005,12.16403765682483,DIREITA
250000005003,DANIEL ANNENBERG,PSDB,36983,2016,622449.26,946122.8752,25.582642706108214,DIREITA
250000005006,GILSON BARRETO,PSDB,38564,2016,315762.42,479958.8784,12.445775293019397,DIREITA
250000005798,JANAINA LIMA,NOVO,19425,2016,304017.98,462107.3296,23.789309117117117,DIREITA
250000008293,ANDRÉ SANTOS,PRB,37393,2016,136263.8,207120.976,5.539030727676303,DESCONHECIDO
250000008347,ATILIO FRANCISCO,PRB,46961,2016,96377.18,146493.3136,3.1194675070803433,DESCONHECIDO
250000008365,SOUZA SANTOS,PRB,55924,2016,272900.56,414808.8512,7.417367341391889,DESCONHECIDO
250000008366,RINALDI DIGILIO,PRB,20916,2016,192080.0,291961.6,13.958768406961177,DESCONHECIDO
250000008375,GILBERTO NASCIMENTO JR,PSC,30382,2016,696763.86,1059081.0672,34.85883309854519,DIREITA
250000010842,SONINHA,PPS,40113,2016,83245.6,126533.312,3.1544215590955553,DESCONHECIDO
250000010847,CLAUDIO FONSECA,PPS,18444,2016,81487.2,123860.544,6.715492517891997,DESCONHECIDO
250000010863,ZÉ TURIN,PHS,14957,2016,91928.35,139731.092,9.342187069599518,DESCONHECIDO
250000010991,CAMILO CRISTÓFARO,PSB,29603,2016,43189.56,65648.1312,2.217617511738675,ESQUERDA
250000010992,ELISEU GABRIEL,PSB,52355,2016,580297.47,882052.1544,16.847524675771176,ESQUERDA
250000010999,OTA,PSB,45915,2016,170047.34,258471.95679999999,5.629357656539257,ESQUERDA
250000011011,CONTE LOPES,PP,80052,2016,214125.56,325470.8512,4.065742907110378,DIREITA
250000011016,DAVID SOARES,DEM,24892,2016,327005.77,497048.77040000004,19.968213498312714,DIREITA
250000011018,FERNANDO HOLIDAY,DEM,48055,2016,59164.14,89929.4928,1.8713868026219957,DIREITA
250000011022,MILTON LEITE,DEM,107957,2016,2396056.0,3642005.12,33.73570143668312,DIREITA
250000011027,SANDRA TADEU,DEM,34182,2016,664122.47,1009466.1544,29.532097431396643,DIREITA
250000011622,TRIPOLI,PV,88843,2016,517744.57,786971.7464000001,8.858005092128812,CENTRO
250000011624,GILBERTO NATALINI,PV,28006,2016,194032.27,294929.0504,10.530923744911805,CENTRO
250000014868,TONINHO VESPOLI,PSOL,16012,2016,209725.37,318782.5624,19.90897841618786,ESQUERDA
250000014885,SÂMIA BOMFIM,PSOL,12464,2016,45004.78,68407.2656,5.488387804878049,ESQUERDA
250000019125,ADILSON AMADEU,PTB,67071,2016,230780.0,350785.6,5.2300636638785765,DIREITA
250000019126,PAULO FRANGE,PTB,29242,2016,583665.06,887170.8912000001,30.338926585048906,DIREITA
250000020779,GEORGE HATO,PMDB,26104,2016,440827.42,670057.6784,25.668774072939012,DESCONHECIDO
250000020813,RICARDO NUNES,PMDB,54692,2016,757606.86,1151562.4272,21.055408966576465,DESCONHECIDO
250000020825,EDIR SALES,PSD,39062,2016,696302.46,1058379.7392,27.09486813783216,DIREITA
250000020837,POLICE NETO,PSD,33537,2016,370683.62,563439.1024,16.80052188329308,DIREITA
250000020852,RODRIGO GOULART,PSD,49364,2016,1086525.56,1651518.8512000002,33.45593653674743,DIREITA
250000020854,RUTE COSTA,PSD,33999,2016,373085.75,567090.34,16.67961822406541,DIREITA
250000022073,ALESSANDRO GUEDES,PT,26780,2016,248417.27,377594.25039999996,14.099859985063478,ESQUERDA
250000022074,ALFREDINHO,PT,36324,2016,357368.57,543200.2264,14.954306419997799,ESQUERDA
250000022075,DONATO,PT,32592,2016,992219.14,1508173.0928,46.27433397152676,ESQUERDA
250000022076,ARSELINO TATTO,PT,26596,2016,196457.79,298615.8408,11.227847826740863,ESQUERDA
250000022081,EDUARDO SUPLICY,PT,301446,2016,207189.53,314928.0856,1.0447247122204308,ESQUERDA
250000022084,JAIR TATTO,PT,30989,2016,198295.99,301409.9048,9.726351440833845,ESQUERDA
250000022086,JULIANA CARDOSO,PT,34949,2016,245580.61,373282.5272,10.680778482932274,ESQUERDA
250000022098,REIS,PT,29308,2016,347904.7,528815.144,18.043371912105908,ESQUERDA
250000022100,SENIVAL MOURA,PT,45320,2016,314777.34,478461.5568,10.557404165931157,ESQUERDA
250000022111,TONINHO PAIVA,PR,35219,2016,190638.0,289769.76,8.227654391095715,DESCONHECIDO
250000022114,CELSO JATENE,PR,53715,2016,492383.54,748422.9808,13.933221275249,DESCONHECIDO
250000022120,ISAC FELIX,PR,25876,2016,336409.36,511342.22719999996,19.7612547225228,DESCONHECIDO
250000022124,NOEMI NONATO,PR,32116,2016,230268.78,350008.5456,10.89826085440279,DESCONHECIDO
250000022137,RICARDO TEIXEIRA,PROS,28515,2016,406268.85,617528.652,21.65627396107312,DIREITA
250000058381,DR. MILTON FERREIRA,PTN,21849,2016,142195.59,216137.2968,9.892319868186188,DESCONHECIDO
250000641025,ISAC FÉLIX,PL,23929,2020,538810.0,689676.8,28.821797818546536,DIREITA
250000641041,THAMMY MIRANDA,PL,43321,2020,185780.0,237798.4,5.489217700422428,DIREITA
250000651019,ELI CORRÊA,DEM,32482,2020,415309.0,531595.52,16.365849393510253,DIREITA
250000651026,DRA SANDRA TADEU,DEM,28464,2020,731796.5,936699.52,32.90821810005621,DIREITA
250000651028,RICARDO TEIXEIRA,DEM,23280,2020,353418.51,452375.6928,19.43194556701031,DIREITA
250000651049,MILTON LEITE,DEM,132716,2020,2570274.15,3289950.912,24.78940679345369,DIREITA
250000651052,ADILSON AMADEU,DEM,30549,2020,655503.95,839045.056,27.465548986873547,DIREITA
250000658736,FERNANDO HOLIDAY,PATRIOTA,67715,2020,186836.47999999998,239150.69439999998,3.5317240552314844,DIREITA
250000658737,MARLON DO UBER,PATRIOTA,25643,2020,8913.01,11408.6528,0.4449032016534727,DIREITA
250000658745,RUBINHO NUNES,PATRIOTA,33038,2020,250608.02,320778.2656,9.709373012894243,DIREITA
250000686837,SILVIA DA BANCADA FEMINISTA,PSOL,46267,2020,124982.37,159977.4336,3.4577005986988563,ESQUERDA
250000686838,ERIKA HILTON,PSOL,50508,2020,97621.34,124955.3152,2.4739707610675534,ESQUERDA
250000686842,LUANA ALVES,PSOL,37550,2020,120321.82,154011.9296,4.101516101198402,ESQUERDA
250000686853,TONINHO VESPOLI,PSOL,26748,2020,299841.46,383797.0688,14.348626768356512,ESQUERDA
250000686857,CELSO GIANNAZI,PSOL,28535,2020,248499.79,318079.73120000004,11.147003020851587,ESQUERDA
250000686862,ELAINE DO QUILOMBO PERIFÉRICO,PSOL,22742,2020,230980.76,295655.3728,13.000412136135784,ESQUERDA
250000688220,CRIS MONTEIRO,NOVO,18085,2020,360185.70999999996,461037.70879999996,25.492823267901574,DIREITA
250000688246,JANAÍNA LIMA,NOVO,30931,2020,964237.48,1234223.9744,39.9024918172707,DIREITA
250000706751,ROBERTO TRIPOLI,PV,46219,2020,622824.0,797214.72,17.248636275124948,CENTRO
250000707285,FARIA DE SÁ,PP,34213,2020,573430.0,733990.4,21.453552743109345,DIREITA
250000754045,RINALDI DIGILIO,PSL,13673,2020,171939.0,220081.92,16.096095955532803,DIREITA
250000789456,SENIVAL MOURA,PT,25311,2020,285460.59,365389.55520000006,14.435998388052628,ESQUERDA
250000789460,JAIR TATTO,PT,29918,2020,200546.66999999998,256699.7376,8.580110221271475,ESQUERDA
250000789472,ALFREDINHO,PT,25159,2020,308312.60000000003,394640.128,15.685843157518185,ESQUERDA
250000789479,ARSELINO TATTO,PT,25021,2020,191455.64,245063.21920000002,9.794301554694059,ESQUERDA
250000789495,ALESSANDRO GUEDES,PT,31124,2020,318497.6,407676.92799999996,13.098474746176583,ESQUERDA
250000789502,EDUARDO SUPLICY,PT,167552,2020,236633.26,302890.5728,1.8077407181054241,ESQUERDA
250000789503,DONATO,PT,31920,2020,709115.41,907667.7248000001,28.435705664160405,ESQUERDA
250000789522,JULIANA CARDOSO,PT,28402,2020,479243.19,613431.2832000001,21.59817207238927,ESQUERDA
250000811381,DR MILTON FERREIRA,PODE,20126,2020,460958.15,590026.432,29.31662685083971,DIREITA
250000811394,ELY TERUEL,PODE,23084,2020,358500.0,458880.0,19.878703864148328,DIREITA
250000811453,DANILO DO POSTO DE SAÚDE,PODE,19024,2020,124470.0,159321.6,8.374768713204373,DIREITA
250000881905,PAULO FRANGE,PTB,17796,2020,338200.3,432896.384,24.325487974825805,DIREITA
250000883826,SANSÃO PEREIRA,REPUBLICANOS,39709,2020,238096.93,304764.0704,7.674936926137652,DIREITA
250000883844,ANDRÉ SANTOS,REPUBLICANOS,41584,2020,719118.0,920471.04,22.135221238938055,DIREITA
250000883850,SONAIRA FERNANDES,REPUBLICANOS,17881,2020,22002.5,28163.2,1.575034953302388,DIREITA
250000883851,ATILIO FRANCISCO,REPUBLICANOS,35345,2020,279546.92,357820.0576,10.12364005092658,DIREITA
250000885531,DR SIDNEY CRUZ,SOLIDARIEDADE,17899,2020,241856.97,309576.9216,17.29576633331471,DIREITA
250000919185,JOÃO JORGE,PSDB,34323,2020,608200.0,778496.0,22.681467237712322,DIREITA
250000919186,AURÉLIO NOMURA,PSDB,25316,2020,372977.07,477410.6496,18.858060104281876,DIREITA
250000919199,RUTE COSTA,PSDB,41546,2020,221045.84,282938.6752,6.810250690800558,DIREITA
250000919202,EDUARDO TUMA,PSDB,40270,2020,965473.3,1235805.824,30.68800158927241,DIREITA
250000919204,TRIPOLI,PSDB,30495,2020,656567.0700000001,840405.8496000001,27.55880798819479,DIREITA
250000919211,CARLOS BEZERRA JR.,PSDB,34144,2020,193117.07,247189.84960000002,7.2396277413308345,DIREITA
250000919212,SANDRA SANTANA,PSDB,19591,2020,431797.07,552700.2496,28.211946791894235,DIREITA
250000919213,FABIO RIVA,PSDB,24739,2020,238917.07,305813.8496,12.361609183879704,DIREITA
250000925979,GILBERTO NASCIMENTO JR,PSC,22659,2020,296873.08,379997.54240000003,16.770269755946867,DIREITA
250001016136,EDIR SALES,PSD,23106,2020,900171.74,1152219.8272,49.866693811131306,DIREITA
250001016152,FELIPE BECARI,PSD,98717,2020,103000.0,131840.0,1.3355349129329295,DIREITA
250001016164,RODRIGO GOULART,PSD,31472,2020,1167149.41,1493951.2448,47.46921850533808,DIREITA
250001088436,GEORGE HATO,MDB,25599,2020,544594.75,697081.28,27.230801203172,DIREITA
250001088449,DELEGADO PALUMBO,MDB,118395,2020,288360.0,369100.8,3.1175370581527937,DIREITA
250001088452,MARCELO MESSIAS,MDB,23006,2020,159501.24,204161.58719999998,8.874275719377552,DIREITA
250001123275,CAMILO CRISTOFARO,PSB,23431,2020,230000.0,294400.0,12.564551235542657,ESQUERDA
250001123285,ELISEU GABRIEL,PSB,21122,2020,545564.4299999999,698322.4703999999,33.06138009658176,ESQUERDA
250001881793,RICARDO TEIXEIRA,UNIÃO,31566,2024,861102.45,861102.45,27.279428815814484,DIREITA
250001881805,SILVÃO LEITE,UNIÃO,63988,2024,3640826.79,3640826.79,56.89858707882728,DIREITA
250001881806,ADRILLES JORGE,UNIÃO,25038,2024,650568.2000000001,650568.2000000001,25.983233485102648,DIREITA
250001881809,RUBINHO NUNES,UNIÃO,101549,2024,2190134.39,2190134.39,21.567266935174153,DIREITA
250001881810,SILVINHO,UNIÃO,53453,2024,3701246.14,3701246.14,69.24300114118945,DIREITA
250001881822,AMANDA VETTORAZZO,UNIÃO,40144,2024,1053489.28,1053489.28,26.2427580709446,DIREITA
250001881830,PASTORA SANDRA ALVES,UNIÃO,74192,2024,4068007.88,4068007.88,54.83081572137157,DIREITA
250001913931,JOÃO ANANIAS,PT,33225,2024,1679930.87,1679930.87,50.56225342362679,ESQUERDA
250001913934,ALESSANDRO GUEDES,PT,58183,2024,1583192.27,1583192.27,27.210564426035095,ESQUERDA
250001913942,SENIVAL MOURA,PT,30480,2024,1279965.87,1279965.87,41.993630905511814,ESQUERDA
250001913946,JAIR TATTO,PT,30905,2024,1105236.74,1105236.74,35.76239249312409,ESQUERDA
250001913948,HÉLIO RODRIGUES,PT,40753,2024,1467867.87,1467867.87,36.018645743871616,ESQUERDA
250001913953,NABIL BONDUKI,PT,49540,2024,1250124.19,1250124.19,25.234642511102138,ESQUERDA
250001913956,LUNA ZARATTINI,PT,100921,2024,1951350.87,1951350.87,19.335429395269568,ESQUERDA
250001913963,DHEISON,PT,30575,2024,1105382.87,1105382.87,36.15316009811938,ESQUERDA
250001913972,TRIPOLI,PV,39039,2024,1273424.2000000002,1273424.2000000002,32.61928328082175,CENTRO
250001933051,GABRIEL ABREU,PODE,58581,2024,2124460.32,2124460.32,36.26534746760895,DIREITA
250001933054,DANILO DO POSTO DE SAÚDE,PODE,58676,2024,639999.99,639999.99,10.907355477537664,DIREITA
250001933064,DR. MILTON FERREIRA,PODE,33493,2024,1112465.63,1112465.63,33.21486967426029,DIREITA
250001933068,ANA CAROLINA OLIVEIRA,PODE,129563,2024,1540589.0,1540589.0,11.89065551121848,DIREITA
250001933078,KENJI PALUMBO,PODE,32495,2024,643554.0,643554.0,19.80470841667949,DIREITA
250001933095,SIMONE GANEM,PODE,38540,2024,1012760.0,1012760.0,26.27815256875973,DIREITA
250001962463,ELY TERUEL,MDB,35622,2024,1736000.0,1736000.0,48.7339284711695,DIREITA
250001962464,FABIO RIVA,MDB,44627,2024,1140000.0,1140000.0,25.545073610146325,DIREITA
250001962465,JOÃO JORGE,MDB,36296,2024,1421263.1099999999,1421263.1099999999,39.15756860260083,DIREITA
250001962471,MARCELO MESSIAS,MDB,40079,2024,682000.0,682000.0,17.016392624566482,DIREITA
250001962472,GEORGE HATO,MDB,42837,2024,1240465.27,1240465.27,28.957799799238977,DIREITA
250001962497,SIDNEY CRUZ,MDB,42988,2024,1697900.0,1697900.0,39.49706894947427,DIREITA
250001962510,SANDRA SANTANA,MDB,38326,2024,1325798.55,1325798.55,34.59266685800762,DIREITA
250001973467,LUCAS PAVANATO,PL,161386,2024,1077658.34,1077658.34,6.677520602778432,DIREITA
250001973481,ISAC FÉLIX,PL,62275,2024,1052000.0,1052000.0,16.892814130871137,DIREITA
250001973486,DRA SANDRA TADEU,PL,74511,2024,1593501.32,1593501.32,21.386121780676678,DIREITA
250001973490,RUTE COSTA,PL,43090,2024,1550036.12,1550036.12,35.97206126711534,DIREITA
250001973504,GILBERTO NASCIMENTO,PL,22306,2024,1236331.6,1236331.6,55.4259661077737,DIREITA
250001973518,ZOE MARTINEZ,PL,60272,2024,959000.0,959000.0,15.91120254844704,DIREITA
250001973520,SONAIRA FERNANDES,PL,33957,2024,1771285.0,1771285.0,52.16258797891451,DIREITA
250001977564,ANDRÉ SANTOS,REPUBLICANOS,41379,2024,833076.0,833076.0,20.13282099615747,DIREITA
250001977569,SANSÃO PEREIRA,REPUBLICANOS,42229,2024,730502.5,730502.5,17.29859811977551,DIREITA
250002034102,ELISEU GABRIEL,PSB,30706,2024,1065707.78,1065707.78,34.70682537614798,ESQUERDA
250002034110,RENATA FALZONI,PSB,30206,2024,432572.32,432572.32,14.320741574521618,ESQUERDA
250002052100,MARINA BRAGANTE,REDE,39147,2024,1331856.4000000001,1331856.4000000001,34.02192760620227,CENTRO
250002052106,PROFESSOR TONINHO VESPOLI,PSOL,34735,2024,528464.74,528464.74,15.214185691665467,ESQUERDA
250002052107,SILVIA DA BANCADA FEMINISTA,PSOL,34537,2024,686787.54,686787.54,19.885558676202336,ESQUERDA
250002052111,CELSO GIANNAZI,PSOL,57789,2024,492970.13999999996,492970.13999999996,8.530518610808285,ESQUERDA
250002052115,KEIT LIMA,PSOL,27769,2024,772937.5599999999,772937.5599999999,27.83454787712917,ESQUERDA
250002052116,LUANA ALVES,PSOL,83262,2024,601539.49,601539.49,7.224658187408422,ESQUERDA
250002052119,AMANDA PASCHOAL,PSOL,108654,2024,604880.9,604880.9,5.567037568796363,ESQUERDA
250002079329,CRIS MONTEIRO,NOVO,56904,2024,1357878.0,1357878.0,23.862610712779418,DIREITA
250002161318,RODRIGO GOULART,PSD,58715,2024,4288678.09,4288678.09,73.04229055607595,DIREITA
250002161322,EDIR SALES,PSD,58190,2024,2688055.05,2688055.05,46.194450077332874,DIREITA
250002161326,THAMMY MIRANDA,PSD,50234,2024,966154.06,966154.06,19.233070430385794,DIREITA
250002174662,MAJOR PALUMBO,PP,43455,2024,643608.3,643608.3,14.810914739385572,DIREITA
250002174669,DR. MURILLO LIMA,PP,113820,2024,2780000.0,2780000.0,24.42452995958531,DIREITA
250002174677,JANAINA PASCHOAL,PP,48893,2024,361700.0,361700.0,7.39778700427464,DIREITA
250002174684,SARGENTO NANTES,PP,112484,2024,324811.61,324811.61,2.887624995554923,DIREITA
